event_id,appliance_name,appliance_id,Shiftability,start_time,end_time,duration(min),energy(W),is_reschedulable,price_level_profile,primary_price_level,start_price_level,end_price_level,optimization_potential
Washer_Dryer_2014-03-16_03,Washer Dryer,Appliance4,Shiftable,2014-03-16 11:29:00,2014-03-16 11:36:00,7.0,50.4,True,"{""0"": 0, ""1"": 0, ""2"": 0, ""3"": 7, ""4"": 0, ""5"": 0}",3,3,3,0.6
Washer_Dryer_2014-03-19_01,Washer Dryer,Appliance4,Shiftable,2014-03-19 14:06:00,2014-03-19 14:12:00,6.0,41.67,True,"{""0"": 0, ""1"": 0, ""2"": 0, ""3"": 0, ""4"": 0, ""5"": 6}",5,5,5,1.0
Washer_Dryer_2014-03-20_03,Washer Dryer,Appliance4,Shiftable,2014-03-20 12:08:00,2014-03-20 12:13:00,5.0,601.6,True,"{""0"": 0, ""1"": 0, ""2"": 0, ""3"": 0, ""4"": 0, ""5"": 5}",5,5,5,1.0
Washer_Dryer_2014-04-21_01,Washer Dryer,Appliance4,Shiftable,2014-04-21 13:27:00,2014-04-21 13:43:00,16.0,12993.67,True,"{""0"": 0, ""1"": 0, ""2"": 0, ""3"": 0, ""4"": 0, ""5"": 16}",5,5,5,1.0
Washer_Dryer_2014-05-06_01,Washer Dryer,Appliance4,Shiftable,2014-05-06 07:19:00,2014-05-06 07:34:00,15.0,264.0,True,"{""0"": 0, ""1"": 15, ""2"": 0, ""3"": 0, ""4"": 0, ""5"": 0}",1,1,1,0.2
Washer_Dryer_2014-05-22_02,Washer Dryer,Appliance4,Shiftable,2014-05-22 16:33:00,2014-05-22 16:40:00,7.0,94.4,True,"{""0"": 0, ""1"": 0, ""2"": 0, ""3"": 0, ""4"": 7, ""5"": 0}",4,4,4,0.8
Washer_Dryer_2014-06-05_01,Washer Dryer,Appliance4,Shiftable,2014-06-05 15:07:00,2014-06-05 15:29:00,22.0,44054.95,True,"{""0"": 0, ""1"": 0, ""2"": 0, ""3"": 0, ""4"": 0, ""5"": 22}",5,5,5,1.0
Washer_Dryer_2014-06-06_01,Washer Dryer,Appliance4,Shiftable,2014-06-06 15:55:00,2014-06-06 16:07:00,12.0,18739.89,True,"{""0"": 0, ""1"": 0, ""2"": 0, ""3"": 0, ""4"": 7, ""5"": 5}",4,5,4,0.8
Washer_Dryer_2014-06-09_01,Washer Dryer,Appliance4,Shiftable,2014-06-09 10:06:00,2014-06-09 10:22:00,16.0,5870.58,True,"{""0"": 0, ""1"": 0, ""2"": 0, ""3"": 16, ""4"": 0, ""5"": 0}",3,3,3,0.6
Washer_Dryer_2014-06-11_01,Washer Dryer,Appliance4,Shiftable,2014-06-11 10:31:00,2014-06-11 10:43:00,12.0,10969.56,True,"{""0"": 0, ""1"": 0, ""2"": 0, ""3"": 12, ""4"": 0, ""5"": 0}",3,3,3,0.6
Washer_Dryer_2014-06-11_02,Washer Dryer,Appliance4,Shiftable,2014-06-11 11:54:00,2014-06-11 12:17:00,23.0,27167.86,True,"{""0"": 0, ""1"": 0, ""2"": 0, ""3"": 6, ""4"": 0, ""5"": 17}",5,3,5,1.0
Washer_Dryer_2014-06-11_03,Washer Dryer,Appliance4,Shiftable,2014-06-11 12:48:00,2014-06-11 13:02:00,14.0,14849.51,True,"{""0"": 0, ""1"": 0, ""2"": 0, ""3"": 0, ""4"": 0, ""5"": 14}",5,5,5,1.0
Washer_Dryer_2014-06-12_01,Washer Dryer,Appliance4,Shiftable,2014-06-12 10:20:00,2014-06-12 11:32:00,72.0,67092.46,True,"{""0"": 0, ""1"": 0, ""2"": 0, ""3"": 72, ""4"": 0, ""5"": 0}",3,3,3,0.6
Washer_Dryer_2014-07-18_01,Washer Dryer,Appliance4,Shiftable,2014-07-18 12:10:00,2014-07-18 12:20:00,10.0,18056.68,True,"{""0"": 0, ""1"": 0, ""2"": 0, ""3"": 0, ""4"": 0, ""5"": 10}",5,5,5,1.0
Washer_Dryer_2014-08-20_01,Washer Dryer,Appliance4,Shiftable,2014-08-20 12:51:00,2014-08-20 13:36:00,45.0,52893.26,True,"{""0"": 0, ""1"": 0, ""2"": 0, ""3"": 0, ""4"": 0, ""5"": 45}",5,5,5,1.0
Washer_Dryer_2014-08-22_01,Washer Dryer,Appliance4,Shiftable,2014-08-22 15:14:00,2014-08-22 15:25:00,11.0,21746.45,True,"{""0"": 0, ""1"": 0, ""2"": 0, ""3"": 0, ""4"": 0, ""5"": 11}",5,5,5,1.0
Washer_Dryer_2014-08-22_02,Washer Dryer,Appliance4,Shiftable,2014-08-22 15:27:00,2014-08-22 15:45:00,18.0,24870.49,True,"{""0"": 0, ""1"": 0, ""2"": 0, ""3"": 0, ""4"": 0, ""5"": 18}",5,5,5,1.0
Washer_Dryer_2014-09-01_01,Washer Dryer,Appliance4,Shiftable,2014-09-01 14:56:00,2014-09-01 15:08:00,12.0,19863.8,True,"{""0"": 0, ""1"": 0, ""2"": 0, ""3"": 0, ""4"": 0, ""5"": 12}",5,5,5,1.0
Washer_Dryer_2014-09-22_02,Washer Dryer,Appliance4,Shiftable,2014-09-22 09:37:00,2014-09-22 10:28:00,51.0,50108.41,True,"{""0"": 0, ""1"": 0, ""2"": 0, ""3"": 51, ""4"": 0, ""5"": 0}",3,3,3,0.6
Washer_Dryer_2014-10-25_01,Washer Dryer,Appliance4,Shiftable,2014-10-25 15:26:00,2014-10-25 16:10:00,44.0,55002.65,True,"{""0"": 0, ""1"": 0, ""2"": 0, ""3"": 0, ""4"": 10, ""5"": 34}",5,5,4,1.0
Washer_Dryer_2014-12-14_01,Washer Dryer,Appliance4,Shiftable,2014-12-14 09:08:00,2014-12-14 09:51:00,43.0,47896.7,True,"{""0"": 0, ""1"": 0, ""2"": 0, ""3"": 43, ""4"": 0, ""5"": 0}",3,3,3,0.6
Washer_Dryer_2014-12-26_01,Washer Dryer,Appliance4,Shiftable,2014-12-26 19:57:00,2014-12-26 20:42:00,45.0,512.0,True,"{""0"": 0, ""1"": 0, ""2"": 42, ""3"": 0, ""4"": 3, ""5"": 0}",2,4,2,0.4
Washer_Dryer_2014-12-30_01,Washer Dryer,Appliance4,Shiftable,2014-12-30 04:31:00,2014-12-30 05:10:00,39.0,1219.56,True,"{""0"": 0, ""1"": 39, ""2"": 0, ""3"": 0, ""4"": 0, ""5"": 0}",1,1,1,0.2
Washer_Dryer_2014-12-30_02,Washer Dryer,Appliance4,Shiftable,2014-12-30 10:57:00,2014-12-30 11:41:00,44.0,88285.26,True,"{""0"": 0, ""1"": 0, ""2"": 0, ""3"": 44, ""4"": 0, ""5"": 0}",3,3,3,0.6
Washer_Dryer_2014-12-30_03,Washer Dryer,Appliance4,Shiftable,2014-12-30 13:52:00,2014-12-30 14:04:00,12.0,654.22,True,"{""0"": 0, ""1"": 0, ""2"": 0, ""3"": 0, ""4"": 0, ""5"": 12}",5,5,5,1.0
Washer_Dryer_2014-12-31_01,Washer Dryer,Appliance4,Shiftable,2014-12-31 15:50:00,2014-12-31 15:56:00,6.0,104.0,True,"{""0"": 0, ""1"": 0, ""2"": 0, ""3"": 0, ""4"": 0, ""5"": 6}",5,5,5,1.0
Washer_Dryer_2015-02-23_01,Washer Dryer,Appliance4,Shiftable,2015-02-23 15:32:00,2015-02-23 15:37:00,5.0,145.78,True,"{""0"": 0, ""1"": 0, ""2"": 0, ""3"": 0, ""4"": 0, ""5"": 5}",5,5,5,1.0
Washer_Dryer_2015-02-24_02,Washer Dryer,Appliance4,Shiftable,2015-02-24 20:28:00,2015-02-24 21:01:00,33.0,328.0,True,"{""0"": 0, ""1"": 0, ""2"": 33, ""3"": 0, ""4"": 0, ""5"": 0}",2,2,2,0.4
Washer_Dryer_2015-02-25_01,Washer Dryer,Appliance4,Shiftable,2015-02-25 08:20:00,2015-02-25 08:46:00,26.0,792.89,True,"{""0"": 0, ""1"": 0, ""2"": 0, ""3"": 26, ""4"": 0, ""5"": 0}",3,3,3,0.6
Washer_Dryer_2015-03-10_01,Washer Dryer,Appliance4,Shiftable,2015-03-10 13:39:00,2015-03-10 13:49:00,10.0,71.67,True,"{""0"": 0, ""1"": 0, ""2"": 0, ""3"": 0, ""4"": 0, ""5"": 10}",5,5,5,1.0
Washer_Dryer_2015-03-16_01,Washer Dryer,Appliance4,Shiftable,2015-03-16 14:51:00,2015-03-16 15:13:00,22.0,42618.6,True,"{""0"": 0, ""1"": 0, ""2"": 0, ""3"": 0, ""4"": 0, ""5"": 22}",5,5,5,1.0
Washer_Dryer_2015-03-30_01,Washer Dryer,Appliance4,Shiftable,2015-03-30 14:20:00,2015-03-30 14:56:00,36.0,14137.36,True,"{""0"": 0, ""1"": 0, ""2"": 0, ""3"": 0, ""4"": 0, ""5"": 36}",5,5,5,1.0
Washer_Dryer_2015-04-07_01,Washer Dryer,Appliance4,Shiftable,2015-04-07 13:17:00,2015-04-07 13:34:00,17.0,34035.25,True,"{""0"": 0, ""1"": 0, ""2"": 0, ""3"": 0, ""4"": 0, ""5"": 17}",5,5,5,1.0
Washer_Dryer_2015-05-07_01,Washer Dryer,Appliance4,Shiftable,2015-05-07 11:37:00,2015-05-07 12:01:00,24.0,43157.5,True,"{""0"": 0, ""1"": 0, ""2"": 0, ""3"": 23, ""4"": 0, ""5"": 1}",3,3,5,0.6
Washing_Machine_2014-03-08_01,Washing Machine,Appliance5,Shiftable,2014-03-08 09:24:00,2014-03-08 10:17:00,53.0,27177.56,True,"{""0"": 0, ""1"": 0, ""2"": 0, ""3"": 53, ""4"": 0, ""5"": 0}",3,3,3,0.6
Washing_Machine_2014-03-10_01,Washing Machine,Appliance5,Shiftable,2014-03-10 09:17:00,2014-03-10 10:06:00,49.0,15055.94,True,"{""0"": 0, ""1"": 0, ""2"": 0, ""3"": 49, ""4"": 0, ""5"": 0}",3,3,3,0.6
Washing_Machine_2014-03-12_01,Washing Machine,Appliance5,Shiftable,2014-03-12 09:49:00,2014-03-12 10:59:00,70.0,20073.73,True,"{""0"": 0, ""1"": 0, ""2"": 0, ""3"": 70, ""4"": 0, ""5"": 0}",3,3,3,0.6
Washing_Machine_2014-03-17_01,Washing Machine,Appliance5,Shiftable,2014-03-17 09:35:00,2014-03-17 10:22:00,47.0,19037.04,True,"{""0"": 0, ""1"": 0, ""2"": 0, ""3"": 47, ""4"": 0, ""5"": 0}",3,3,3,0.6
Washing_Machine_2014-03-17_02,Washing Machine,Appliance5,Shiftable,2014-03-17 10:27:00,2014-03-17 11:27:00,60.0,33382.8,True,"{""0"": 0, ""1"": 0, ""2"": 0, ""3"": 60, ""4"": 0, ""5"": 0}",3,3,3,0.6
Washing_Machine_2014-03-19_01,Washing Machine,Appliance5,Shiftable,2014-03-19 09:31:00,2014-03-19 10:41:00,70.0,24530.06,True,"{""0"": 0, ""1"": 0, ""2"": 0, ""3"": 70, ""4"": 0, ""5"": 0}",3,3,3,0.6
Washing_Machine_2014-03-20_01,Washing Machine,Appliance5,Shiftable,2014-03-20 09:52:00,2014-03-20 10:11:00,19.0,1618.36,True,"{""0"": 0, ""1"": 0, ""2"": 0, ""3"": 19, ""4"": 0, ""5"": 0}",3,3,3,0.6
Washing_Machine_2014-03-27_01,Washing Machine,Appliance5,Shiftable,2014-03-27 09:19:00,2014-03-27 10:07:00,48.0,19474.49,True,"{""0"": 0, ""1"": 0, ""2"": 0, ""3"": 48, ""4"": 0, ""5"": 0}",3,3,3,0.6
Washing_Machine_2014-03-28_01,Washing Machine,Appliance5,Shiftable,2014-03-28 12:03:00,2014-03-28 13:15:00,72.0,26744.26,True,"{""0"": 0, ""1"": 0, ""2"": 0, ""3"": 0, ""4"": 0, ""5"": 72}",5,5,5,1.0
Washing_Machine_2014-03-30_02,Washing Machine,Appliance5,Shiftable,2014-03-30 19:19:00,2014-03-30 19:26:00,7.0,208.0,True,"{""0"": 0, ""1"": 0, ""2"": 0, ""3"": 0, ""4"": 7, ""5"": 0}",4,4,4,0.8
Washing_Machine_2014-03-31_02,Washing Machine,Appliance5,Shiftable,2014-03-31 08:41:00,2014-03-31 09:32:00,51.0,18138.67,True,"{""0"": 0, ""1"": 0, ""2"": 0, ""3"": 51, ""4"": 0, ""5"": 0}",3,3,3,0.6
Washing_Machine_2014-03-31_03,Washing Machine,Appliance5,Shiftable,2014-03-31 09:37:00,2014-03-31 09:44:00,7.0,36.23,True,"{""0"": 0, ""1"": 0, ""2"": 0, ""3"": 7, ""4"": 0, ""5"": 0}",3,3,3,0.6
Washing_Machine_2014-04-02_01,Washing Machine,Appliance5,Shiftable,2014-04-02 13:12:00,2014-04-02 14:18:00,66.0,19449.47,True,"{""0"": 0, ""1"": 0, ""2"": 0, ""3"": 0, ""4"": 0, ""5"": 66}",5,5,5,1.0
Washing_Machine_2014-04-04_01,Washing Machine,Appliance5,Shiftable,2014-04-04 18:34:00,2014-04-04 18:55:00,21.0,2870.14,True,"{""0"": 0, ""1"": 0, ""2"": 0, ""3"": 0, ""4"": 21, ""5"": 0}",4,4,4,0.8
Washing_Machine_2014-04-07_01,Washing Machine,Appliance5,Shiftable,2014-04-07 08:29:00,2014-04-07 09:24:00,55.0,29869.9,True,"{""0"": 0, ""1"": 0, ""2"": 0, ""3"": 55, ""4"": 0, ""5"": 0}",3,3,3,0.6
Washing_Machine_2014-04-09_01,Washing Machine,Appliance5,Shiftable,2014-04-09 07:32:00,2014-04-09 08:41:00,69.0,21161.3,True,"{""0"": 0, ""1"": 28, ""2"": 0, ""3"": 41, ""4"": 0, ""5"": 0}",3,1,3,0.6
Washing_Machine_2014-04-14_01,Washing Machine,Appliance5,Shiftable,2014-04-14 08:14:00,2014-04-14 08:32:00,18.0,10387.25,True,"{""0"": 0, ""1"": 0, ""2"": 0, ""3"": 18, ""4"": 0, ""5"": 0}",3,3,3,0.6
Washing_Machine_2014-04-14_02,Washing Machine,Appliance5,Shiftable,2014-04-14 08:47:00,2014-04-14 09:34:00,47.0,14504.08,True,"{""0"": 0, ""1"": 0, ""2"": 0, ""3"": 47, ""4"": 0, ""5"": 0}",3,3,3,0.6
Washing_Machine_2014-04-15_01,Washing Machine,Appliance5,Shiftable,2014-04-15 07:34:00,2014-04-15 08:45:00,71.0,21110.17,True,"{""0"": 0, ""1"": 26, ""2"": 0, ""3"": 45, ""4"": 0, ""5"": 0}",3,1,3,0.6
Washing_Machine_2014-04-21_01,Washing Machine,Appliance5,Shiftable,2014-04-21 08:24:00,2014-04-21 09:14:00,50.0,17710.1,True,"{""0"": 0, ""1"": 0, ""2"": 0, ""3"": 50, ""4"": 0, ""5"": 0}",3,3,3,0.6
Washing_Machine_2014-04-21_02,Washing Machine,Appliance5,Shiftable,2014-04-21 09:46:00,2014-04-21 10:45:00,59.0,35857.02,True,"{""0"": 0, ""1"": 0, ""2"": 0, ""3"": 59, ""4"": 0, ""5"": 0}",3,3,3,0.6
Washing_Machine_2014-04-23_01,Washing Machine,Appliance5,Shiftable,2014-04-23 07:38:00,2014-04-23 08:48:00,70.0,23042.99,True,"{""0"": 0, ""1"": 22, ""2"": 0, ""3"": 48, ""4"": 0, ""5"": 0}",3,1,3,0.6
Washing_Machine_2014-04-28_01,Washing Machine,Appliance5,Shiftable,2014-04-28 08:15:00,2014-04-28 09:04:00,49.0,15628.8,True,"{""0"": 0, ""1"": 0, ""2"": 0, ""3"": 49, ""4"": 0, ""5"": 0}",3,3,3,0.6
Washing_Machine_2014-04-29_01,Washing Machine,Appliance5,Shiftable,2014-04-29 09:18:00,2014-04-29 09:33:00,15.0,10404.39,True,"{""0"": 0, ""1"": 0, ""2"": 0, ""3"": 15, ""4"": 0, ""5"": 0}",3,3,3,0.6
Washing_Machine_2014-04-30_01,Washing Machine,Appliance5,Shiftable,2014-04-30 07:49:00,2014-04-30 08:08:00,19.0,7859.12,True,"{""0"": 0, ""1"": 11, ""2"": 0, ""3"": 8, ""4"": 0, ""5"": 0}",1,1,3,0.2
Washing_Machine_2014-04-30_02,Washing Machine,Appliance5,Shiftable,2014-04-30 08:21:00,2014-04-30 09:27:00,66.0,18630.32,True,"{""0"": 0, ""1"": 0, ""2"": 0, ""3"": 66, ""4"": 0, ""5"": 0}",3,3,3,0.6
Washing_Machine_2014-05-05_01,Washing Machine,Appliance5,Shiftable,2014-05-05 07:44:00,2014-05-05 08:48:00,64.0,15160.56,True,"{""0"": 0, ""1"": 16, ""2"": 0, ""3"": 48, ""4"": 0, ""5"": 0}",3,1,3,0.6
Washing_Machine_2014-05-05_02,Washing Machine,Appliance5,Shiftable,2014-05-05 09:20:00,2014-05-05 10:08:00,48.0,13657.57,True,"{""0"": 0, ""1"": 0, ""2"": 0, ""3"": 48, ""4"": 0, ""5"": 0}",3,3,3,0.6
Washing_Machine_2014-05-18_03,Washing Machine,Appliance5,Shiftable,2014-05-18 23:51:00,2014-05-19 00:49:00,58.0,916.0,True,"{""0"": 0, ""1"": 0, ""2"": 9, ""3"": 0, ""4"": 0, ""5"": 0}",2,2,0,0.4
Washing_Machine_2014-05-23_01,Washing Machine,Appliance5,Shiftable,2014-05-23 09:04:00,2014-05-23 09:50:00,46.0,13392.17,True,"{""0"": 0, ""1"": 0, ""2"": 0, ""3"": 46, ""4"": 0, ""5"": 0}",3,3,3,0.6
Washing_Machine_2014-05-23_02,Washing Machine,Appliance5,Shiftable,2014-05-23 11:23:00,2014-05-23 12:29:00,66.0,18285.35,True,"{""0"": 0, ""1"": 0, ""2"": 0, ""3"": 37, ""4"": 0, ""5"": 29}",3,3,5,0.6
Washing_Machine_2014-05-24_01,Washing Machine,Appliance5,Shiftable,2014-05-24 16:47:00,2014-05-24 16:52:00,5.0,97.14,True,"{""0"": 0, ""1"": 0, ""2"": 0, ""3"": 0, ""4"": 5, ""5"": 0}",4,4,4,0.8
Washing_Machine_2014-05-25_01,Washing Machine,Appliance5,Shiftable,2014-05-25 11:04:00,2014-05-25 11:51:00,47.0,15575.71,True,"{""0"": 0, ""1"": 0, ""2"": 0, ""3"": 47, ""4"": 0, ""5"": 0}",3,3,3,0.6
Washing_Machine_2014-05-26_01,Washing Machine,Appliance5,Shiftable,2014-05-26 10:12:00,2014-05-26 10:31:00,19.0,1549.69,True,"{""0"": 0, ""1"": 0, ""2"": 0, ""3"": 19, ""4"": 0, ""5"": 0}",3,3,3,0.6
Washing_Machine_2014-05-28_01,Washing Machine,Appliance5,Shiftable,2014-05-28 07:30:00,2014-05-28 08:38:00,68.0,17108.61,True,"{""0"": 0, ""1"": 30, ""2"": 0, ""3"": 38, ""4"": 0, ""5"": 0}",3,1,3,0.6
Washing_Machine_2014-05-30_01,Washing Machine,Appliance5,Shiftable,2014-05-30 06:56:00,2014-05-30 07:51:00,55.0,30398.63,True,"{""0"": 0, ""1"": 55, ""2"": 0, ""3"": 0, ""4"": 0, ""5"": 0}",1,1,1,0.2
Washing_Machine_2014-06-02_01,Washing Machine,Appliance5,Shiftable,2014-06-02 08:22:00,2014-06-02 09:13:00,51.0,24500.89,True,"{""0"": 0, ""1"": 0, ""2"": 0, ""3"": 51, ""4"": 0, ""5"": 0}",3,3,3,0.6
Washing_Machine_2014-06-05_01,Washing Machine,Appliance5,Shiftable,2014-06-05 08:37:00,2014-06-05 09:45:00,68.0,19633.44,True,"{""0"": 0, ""1"": 0, ""2"": 0, ""3"": 68, ""4"": 0, ""5"": 0}",3,3,3,0.6
Washing_Machine_2014-06-05_02,Washing Machine,Appliance5,Shiftable,2014-06-05 12:22:00,2014-06-05 14:02:00,100.0,53761.76,True,"{""0"": 0, ""1"": 0, ""2"": 0, ""3"": 0, ""4"": 0, ""5"": 100}",5,5,5,1.0
Washing_Machine_2014-06-06_01,Washing Machine,Appliance5,Shiftable,2014-06-06 14:09:00,2014-06-06 14:30:00,21.0,16756.1,True,"{""0"": 0, ""1"": 0, ""2"": 0, ""3"": 0, ""4"": 0, ""5"": 21}",5,5,5,1.0
Washing_Machine_2014-06-09_01,Washing Machine,Appliance5,Shiftable,2014-06-09 08:17:00,2014-06-09 09:05:00,48.0,14057.33,True,"{""0"": 0, ""1"": 0, ""2"": 0, ""3"": 48, ""4"": 0, ""5"": 0}",3,3,3,0.6
Washing_Machine_2014-06-09_02,Washing Machine,Appliance5,Shiftable,2014-06-09 09:14:00,2014-06-09 09:44:00,30.0,18639.85,True,"{""0"": 0, ""1"": 0, ""2"": 0, ""3"": 30, ""4"": 0, ""5"": 0}",3,3,3,0.6
Washing_Machine_2014-06-11_01,Washing Machine,Appliance5,Shiftable,2014-06-11 08:17:00,2014-06-11 09:26:00,69.0,17918.87,True,"{""0"": 0, ""1"": 0, ""2"": 0, ""3"": 69, ""4"": 0, ""5"": 0}",3,3,3,0.6
Washing_Machine_2014-06-11_02,Washing Machine,Appliance5,Shiftable,2014-06-11 10:06:00,2014-06-11 10:30:00,24.0,7752.23,True,"{""0"": 0, ""1"": 0, ""2"": 0, ""3"": 24, ""4"": 0, ""5"": 0}",3,3,3,0.6
Washing_Machine_2014-06-12_01,Washing Machine,Appliance5,Shiftable,2014-06-12 08:49:00,2014-06-12 09:10:00,21.0,1640.94,True,"{""0"": 0, ""1"": 0, ""2"": 0, ""3"": 21, ""4"": 0, ""5"": 0}",3,3,3,0.6
Washing_Machine_2014-06-13_01,Washing Machine,Appliance5,Shiftable,2014-06-13 15:58:00,2014-06-13 16:22:00,24.0,7550.46,True,"{""0"": 0, ""1"": 0, ""2"": 0, ""3"": 0, ""4"": 22, ""5"": 2}",4,5,4,0.8
Washing_Machine_2014-06-14_01,Washing Machine,Appliance5,Shiftable,2014-06-14 08:26:00,2014-06-14 09:11:00,45.0,9957.44,True,"{""0"": 0, ""1"": 0, ""2"": 0, ""3"": 45, ""4"": 0, ""5"": 0}",3,3,3,0.6
Washing_Machine_2014-06-20_01,Washing Machine,Appliance5,Shiftable,2014-06-20 11:14:00,2014-06-20 12:00:00,46.0,13601.29,True,"{""0"": 0, ""1"": 0, ""2"": 0, ""3"": 46, ""4"": 0, ""5"": 0}",3,3,5,0.6
Washing_Machine_2014-06-20_02,Washing Machine,Appliance5,Shiftable,2014-06-20 12:16:00,2014-06-20 13:20:00,64.0,15255.88,True,"{""0"": 0, ""1"": 0, ""2"": 0, ""3"": 0, ""4"": 0, ""5"": 64}",5,5,5,1.0
Washing_Machine_2014-06-22_01,Washing Machine,Appliance5,Shiftable,2014-06-22 06:50:00,2014-06-22 07:40:00,50.0,23204.91,True,"{""0"": 0, ""1"": 50, ""2"": 0, ""3"": 0, ""4"": 0, ""5"": 0}",1,1,1,0.2
Washing_Machine_2014-06-25_01,Washing Machine,Appliance5,Shiftable,2014-06-25 08:37:00,2014-06-25 09:20:00,43.0,10684.29,True,"{""0"": 0, ""1"": 0, ""2"": 0, ""3"": 43, ""4"": 0, ""5"": 0}",3,3,3,0.6
Washing_Machine_2014-06-30_01,Washing Machine,Appliance5,Shiftable,2014-06-30 09:00:00,2014-06-30 09:50:00,50.0,23870.22,True,"{""0"": 0, ""1"": 0, ""2"": 0, ""3"": 50, ""4"": 0, ""5"": 0}",3,3,3,0.6
Washing_Machine_2014-07-02_01,Washing Machine,Appliance5,Shiftable,2014-07-02 08:20:00,2014-07-02 09:08:00,48.0,11837.52,True,"{""0"": 0, ""1"": 0, ""2"": 0, ""3"": 48, ""4"": 0, ""5"": 0}",3,3,3,0.6
Washing_Machine_2014-07-06_01,Washing Machine,Appliance5,Shiftable,2014-07-06 06:47:00,2014-07-06 07:46:00,59.0,28985.48,True,"{""0"": 0, ""1"": 59, ""2"": 0, ""3"": 0, ""4"": 0, ""5"": 0}",1,1,1,0.2
Washing_Machine_2014-07-09_01,Washing Machine,Appliance5,Shiftable,2014-07-09 07:42:00,2014-07-09 08:48:00,66.0,16265.67,True,"{""0"": 0, ""1"": 18, ""2"": 0, ""3"": 48, ""4"": 0, ""5"": 0}",3,1,3,0.6
Washing_Machine_2014-07-14_01,Washing Machine,Appliance5,Shiftable,2014-07-14 08:05:00,2014-07-14 08:50:00,45.0,10721.59,True,"{""0"": 0, ""1"": 0, ""2"": 0, ""3"": 45, ""4"": 0, ""5"": 0}",3,3,3,0.6
Washing_Machine_2014-07-16_01,Washing Machine,Appliance5,Shiftable,2014-07-16 07:29:00,2014-07-16 08:35:00,66.0,15739.04,True,"{""0"": 0, ""1"": 31, ""2"": 0, ""3"": 35, ""4"": 0, ""5"": 0}",3,1,3,0.6
Washing_Machine_2014-07-18_01,Washing Machine,Appliance5,Shiftable,2014-07-18 08:55:00,2014-07-18 09:39:00,44.0,8271.3,True,"{""0"": 0, ""1"": 0, ""2"": 0, ""3"": 44, ""4"": 0, ""5"": 0}",3,3,3,0.6
Washing_Machine_2014-08-20_01,Washing Machine,Appliance5,Shiftable,2014-08-20 08:57:00,2014-08-20 09:54:00,57.0,33849.51,True,"{""0"": 0, ""1"": 0, ""2"": 0, ""3"": 57, ""4"": 0, ""5"": 0}",3,3,3,0.6
Washing_Machine_2014-08-20_02,Washing Machine,Appliance5,Shiftable,2014-08-20 10:00:00,2014-08-20 10:50:00,50.0,18870.33,True,"{""0"": 0, ""1"": 0, ""2"": 0, ""3"": 50, ""4"": 0, ""5"": 0}",3,3,3,0.6
Washing_Machine_2014-08-21_01,Washing Machine,Appliance5,Shiftable,2014-08-21 14:43:00,2014-08-21 15:25:00,42.0,12063.3,True,"{""0"": 0, ""1"": 0, ""2"": 0, ""3"": 0, ""4"": 0, ""5"": 42}",5,5,5,1.0
Washing_Machine_2014-08-22_01,Washing Machine,Appliance5,Shiftable,2014-08-22 08:38:00,2014-08-22 09:33:00,55.0,33236.77,True,"{""0"": 0, ""1"": 0, ""2"": 0, ""3"": 55, ""4"": 0, ""5"": 0}",3,3,3,0.6
Washing_Machine_2014-08-22_02,Washing Machine,Appliance5,Shiftable,2014-08-22 09:40:00,2014-08-22 10:32:00,52.0,23331.73,True,"{""0"": 0, ""1"": 0, ""2"": 0, ""3"": 52, ""4"": 0, ""5"": 0}",3,3,3,0.6
Washing_Machine_2014-08-23_01,Washing Machine,Appliance5,Shiftable,2014-08-23 08:34:00,2014-08-23 09:20:00,46.0,12837.35,True,"{""0"": 0, ""1"": 0, ""2"": 0, ""3"": 46, ""4"": 0, ""5"": 0}",3,3,3,0.6
Washing_Machine_2014-08-25_01,Washing Machine,Appliance5,Shiftable,2014-08-25 08:30:00,2014-08-25 08:50:00,20.0,8826.77,True,"{""0"": 0, ""1"": 0, ""2"": 0, ""3"": 20, ""4"": 0, ""5"": 0}",3,3,3,0.6
Washing_Machine_2014-08-25_02,Washing Machine,Appliance5,Shiftable,2014-08-25 08:53:00,2014-08-25 09:46:00,53.0,25634.8,True,"{""0"": 0, ""1"": 0, ""2"": 0, ""3"": 53, ""4"": 0, ""5"": 0}",3,3,3,0.6
Washing_Machine_2014-08-26_01,Washing Machine,Appliance5,Shiftable,2014-08-26 07:40:00,2014-08-26 08:34:00,54.0,26257.8,True,"{""0"": 0, ""1"": 20, ""2"": 0, ""3"": 34, ""4"": 0, ""5"": 0}",3,1,3,0.6
Washing_Machine_2014-08-27_01,Washing Machine,Appliance5,Shiftable,2014-08-27 08:19:00,2014-08-27 09:28:00,69.0,16804.81,True,"{""0"": 0, ""1"": 0, ""2"": 0, ""3"": 69, ""4"": 0, ""5"": 0}",3,3,3,0.6
Washing_Machine_2014-09-01_01,Washing Machine,Appliance5,Shiftable,2014-09-01 09:24:00,2014-09-01 10:09:00,45.0,11684.95,True,"{""0"": 0, ""1"": 0, ""2"": 0, ""3"": 45, ""4"": 0, ""5"": 0}",3,3,3,0.6
Washing_Machine_2014-09-01_02,Washing Machine,Appliance5,Shiftable,2014-09-01 10:22:00,2014-09-01 11:20:00,58.0,29785.51,True,"{""0"": 0, ""1"": 0, ""2"": 0, ""3"": 58, ""4"": 0, ""5"": 0}",3,3,3,0.6
Washing_Machine_2014-09-01_03,Washing Machine,Appliance5,Shiftable,2014-09-01 11:21:00,2014-09-01 11:43:00,22.0,7411.79,True,"{""0"": 0, ""1"": 0, ""2"": 0, ""3"": 22, ""4"": 0, ""5"": 0}",3,3,3,0.6
Washing_Machine_2014-09-01_05,Washing Machine,Appliance5,Shiftable,2014-09-01 11:47:00,2014-09-01 12:00:00,13.0,863.79,True,"{""0"": 0, ""1"": 0, ""2"": 0, ""3"": 13, ""4"": 0, ""5"": 0}",3,3,5,0.6
Washing_Machine_2014-09-02_01,Washing Machine,Appliance5,Shiftable,2014-09-02 18:56:00,2014-09-02 20:03:00,67.0,17455.36,True,"{""0"": 0, ""1"": 0, ""2"": 3, ""3"": 0, ""4"": 64, ""5"": 0}",4,4,2,0.8
Washing_Machine_2014-09-10_01,Washing Machine,Appliance5,Shiftable,2014-09-10 08:23:00,2014-09-10 09:07:00,44.0,11047.8,True,"{""0"": 0, ""1"": 0, ""2"": 0, ""3"": 44, ""4"": 0, ""5"": 0}",3,3,3,0.6
Washing_Machine_2014-09-10_02,Washing Machine,Appliance5,Shiftable,2014-09-10 11:32:00,2014-09-10 12:06:00,34.0,8190.61,True,"{""0"": 0, ""1"": 0, ""2"": 0, ""3"": 28, ""4"": 0, ""5"": 6}",3,3,5,0.6
Washing_Machine_2014-09-16_01,Washing Machine,Appliance5,Shiftable,2014-09-16 09:26:00,2014-09-16 10:10:00,44.0,11708.37,True,"{""0"": 0, ""1"": 0, ""2"": 0, ""3"": 44, ""4"": 0, ""5"": 0}",3,3,3,0.6
Washing_Machine_2014-09-22_01,Washing Machine,Appliance5,Shiftable,2014-09-22 08:31:00,2014-09-22 09:44:00,73.0,18378.03,True,"{""0"": 0, ""1"": 0, ""2"": 0, ""3"": 73, ""4"": 0, ""5"": 0}",3,3,3,0.6
Washing_Machine_2014-09-28_01,Washing Machine,Appliance5,Shiftable,2014-09-28 11:57:00,2014-09-28 12:15:00,18.0,6638.21,True,"{""0"": 0, ""1"": 0, ""2"": 0, ""3"": 3, ""4"": 0, ""5"": 15}",5,3,5,1.0
Washing_Machine_2014-09-29_01,Washing Machine,Appliance5,Shiftable,2014-09-29 08:53:00,2014-09-29 09:46:00,53.0,24162.48,True,"{""0"": 0, ""1"": 0, ""2"": 0, ""3"": 53, ""4"": 0, ""5"": 0}",3,3,3,0.6
Washing_Machine_2014-09-29_02,Washing Machine,Appliance5,Shiftable,2014-09-29 09:50:00,2014-09-29 10:35:00,45.0,12721.51,True,"{""0"": 0, ""1"": 0, ""2"": 0, ""3"": 45, ""4"": 0, ""5"": 0}",3,3,3,0.6
Washing_Machine_2014-10-06_01,Washing Machine,Appliance5,Shiftable,2014-10-06 10:24:00,2014-10-06 11:15:00,51.0,14231.07,True,"{""0"": 0, ""1"": 0, ""2"": 0, ""3"": 51, ""4"": 0, ""5"": 0}",3,3,3,0.6
Washing_Machine_2014-10-06_02,Washing Machine,Appliance5,Shiftable,2014-10-06 11:21:00,2014-10-06 12:29:00,68.0,17075.9,True,"{""0"": 0, ""1"": 0, ""2"": 0, ""3"": 39, ""4"": 0, ""5"": 29}",3,3,5,0.6
Washing_Machine_2014-10-14_01,Washing Machine,Appliance5,Shiftable,2014-10-14 09:46:00,2014-10-14 10:32:00,46.0,14757.51,True,"{""0"": 0, ""1"": 0, ""2"": 0, ""3"": 46, ""4"": 0, ""5"": 0}",3,3,3,0.6
Washing_Machine_2014-10-15_01,Washing Machine,Appliance5,Shiftable,2014-10-15 10:07:00,2014-10-15 11:18:00,71.0,23357.16,True,"{""0"": 0, ""1"": 0, ""2"": 0, ""3"": 71, ""4"": 0, ""5"": 0}",3,3,3,0.6
Washing_Machine_2014-10-18_01,Washing Machine,Appliance5,Shiftable,2014-10-18 10:54:00,2014-10-18 11:47:00,53.0,23523.43,True,"{""0"": 0, ""1"": 0, ""2"": 0, ""3"": 53, ""4"": 0, ""5"": 0}",3,3,3,0.6
Washing_Machine_2014-10-20_01,Washing Machine,Appliance5,Shiftable,2014-10-20 10:29:00,2014-10-20 11:11:00,42.0,12590.74,True,"{""0"": 0, ""1"": 0, ""2"": 0, ""3"": 42, ""4"": 0, ""5"": 0}",3,3,3,0.6
Washing_Machine_2014-10-22_01,Washing Machine,Appliance5,Shiftable,2014-10-22 09:39:00,2014-10-22 10:48:00,69.0,19178.61,True,"{""0"": 0, ""1"": 0, ""2"": 0, ""3"": 69, ""4"": 0, ""5"": 0}",3,3,3,0.6
Washing_Machine_2014-10-25_01,Washing Machine,Appliance5,Shiftable,2014-10-25 12:46:00,2014-10-25 13:44:00,58.0,34789.7,True,"{""0"": 0, ""1"": 0, ""2"": 0, ""3"": 0, ""4"": 0, ""5"": 58}",5,5,5,1.0
Washing_Machine_2014-11-06_02,Washing Machine,Appliance5,Shiftable,2014-11-06 09:23:00,2014-11-06 10:10:00,47.0,16689.1,True,"{""0"": 0, ""1"": 0, ""2"": 0, ""3"": 47, ""4"": 0, ""5"": 0}",3,3,3,0.6
Washing_Machine_2014-11-06_03,Washing Machine,Appliance5,Shiftable,2014-11-06 11:30:00,2014-11-06 12:20:00,50.0,19253.74,True,"{""0"": 0, ""1"": 0, ""2"": 0, ""3"": 30, ""4"": 0, ""5"": 20}",3,3,5,0.6
Washing_Machine_2014-11-10_01,Washing Machine,Appliance5,Shiftable,2014-11-10 15:12:00,2014-11-10 16:01:00,49.0,15869.62,True,"{""0"": 0, ""1"": 0, ""2"": 0, ""3"": 0, ""4"": 1, ""5"": 48}",5,5,4,1.0
Washing_Machine_2014-11-12_01,Washing Machine,Appliance5,Shiftable,2014-11-12 09:47:00,2014-11-12 10:35:00,48.0,15047.4,True,"{""0"": 0, ""1"": 0, ""2"": 0, ""3"": 48, ""4"": 0, ""5"": 0}",3,3,3,0.6
Washing_Machine_2014-11-17_01,Washing Machine,Appliance5,Shiftable,2014-11-17 09:58:00,2014-11-17 10:46:00,48.0,17102.47,True,"{""0"": 0, ""1"": 0, ""2"": 0, ""3"": 48, ""4"": 0, ""5"": 0}",3,3,3,0.6
Washing_Machine_2014-11-19_01,Washing Machine,Appliance5,Shiftable,2014-11-19 11:19:00,2014-11-19 12:05:00,46.0,16294.58,True,"{""0"": 0, ""1"": 0, ""2"": 0, ""3"": 41, ""4"": 0, ""5"": 5}",3,3,5,0.6
Washing_Machine_2014-11-24_01,Washing Machine,Appliance5,Shiftable,2014-11-24 09:25:00,2014-11-24 10:14:00,49.0,15329.85,True,"{""0"": 0, ""1"": 0, ""2"": 0, ""3"": 49, ""4"": 0, ""5"": 0}",3,3,3,0.6
Washing_Machine_2014-11-26_01,Washing Machine,Appliance5,Shiftable,2014-11-26 09:23:00,2014-11-26 10:10:00,47.0,18190.08,True,"{""0"": 0, ""1"": 0, ""2"": 0, ""3"": 47, ""4"": 0, ""5"": 0}",3,3,3,0.6
Washing_Machine_2014-11-26_02,Washing Machine,Appliance5,Shiftable,2014-11-26 10:12:00,2014-11-26 10:35:00,23.0,10482.93,True,"{""0"": 0, ""1"": 0, ""2"": 0, ""3"": 23, ""4"": 0, ""5"": 0}",3,3,3,0.6
Washing_Machine_2014-11-26_03,Washing Machine,Appliance5,Shiftable,2014-11-26 10:44:00,2014-11-26 10:50:00,6.0,700.64,True,"{""0"": 0, ""1"": 0, ""2"": 0, ""3"": 6, ""4"": 0, ""5"": 0}",3,3,3,0.6
Washing_Machine_2014-11-28_01,Washing Machine,Appliance5,Shiftable,2014-11-28 10:34:00,2014-11-28 11:19:00,45.0,12277.35,True,"{""0"": 0, ""1"": 0, ""2"": 0, ""3"": 45, ""4"": 0, ""5"": 0}",3,3,3,0.6
Washing_Machine_2014-12-01_01,Washing Machine,Appliance5,Shiftable,2014-12-01 09:52:00,2014-12-01 10:43:00,51.0,17780.64,True,"{""0"": 0, ""1"": 0, ""2"": 0, ""3"": 51, ""4"": 0, ""5"": 0}",3,3,3,0.6
Washing_Machine_2014-12-02_01,Washing Machine,Appliance5,Shiftable,2014-12-02 09:49:00,2014-12-02 10:59:00,70.0,18635.68,True,"{""0"": 0, ""1"": 0, ""2"": 0, ""3"": 70, ""4"": 0, ""5"": 0}",3,3,3,0.6
Washing_Machine_2014-12-07_01,Washing Machine,Appliance5,Shiftable,2014-12-07 08:44:00,2014-12-07 09:06:00,22.0,18478.6,True,"{""0"": 0, ""1"": 0, ""2"": 0, ""3"": 22, ""4"": 0, ""5"": 0}",3,3,3,0.6
Washing_Machine_2014-12-07_02,Washing Machine,Appliance5,Shiftable,2014-12-07 18:11:00,2014-12-07 18:17:00,6.0,71.11,True,"{""0"": 0, ""1"": 0, ""2"": 0, ""3"": 0, ""4"": 6, ""5"": 0}",4,4,4,0.8
Washing_Machine_2014-12-08_01,Washing Machine,Appliance5,Shiftable,2014-12-08 09:48:00,2014-12-08 10:34:00,46.0,14917.73,True,"{""0"": 0, ""1"": 0, ""2"": 0, ""3"": 46, ""4"": 0, ""5"": 0}",3,3,3,0.6
Washing_Machine_2014-12-09_01,Washing Machine,Appliance5,Shiftable,2014-12-09 09:32:00,2014-12-09 10:44:00,72.0,25079.08,True,"{""0"": 0, ""1"": 0, ""2"": 0, ""3"": 72, ""4"": 0, ""5"": 0}",3,3,3,0.6
Washing_Machine_2014-12-13_01,Washing Machine,Appliance5,Shiftable,2014-12-13 13:33:00,2014-12-13 14:42:00,69.0,48080.2,True,"{""0"": 0, ""1"": 0, ""2"": 0, ""3"": 0, ""4"": 0, ""5"": 69}",5,5,5,1.0
Washing_Machine_2014-12-15_01,Washing Machine,Appliance5,Shiftable,2014-12-15 09:18:00,2014-12-15 10:06:00,48.0,18590.65,True,"{""0"": 0, ""1"": 0, ""2"": 0, ""3"": 48, ""4"": 0, ""5"": 0}",3,3,3,0.6
Washing_Machine_2014-12-16_01,Washing Machine,Appliance5,Shiftable,2014-12-16 09:30:00,2014-12-16 10:42:00,72.0,22891.39,True,"{""0"": 0, ""1"": 0, ""2"": 0, ""3"": 72, ""4"": 0, ""5"": 0}",3,3,3,0.6
Washing_Machine_2014-12-16_02,Washing Machine,Appliance5,Shiftable,2014-12-16 13:08:00,2014-12-16 13:16:00,8.0,824.75,True,"{""0"": 0, ""1"": 0, ""2"": 0, ""3"": 0, ""4"": 0, ""5"": 8}",5,5,5,1.0
Washing_Machine_2014-12-21_01,Washing Machine,Appliance5,Shiftable,2014-12-21 09:19:00,2014-12-21 10:08:00,49.0,19801.76,True,"{""0"": 0, ""1"": 0, ""2"": 0, ""3"": 49, ""4"": 0, ""5"": 0}",3,3,3,0.6
Washing_Machine_2014-12-21_02,Washing Machine,Appliance5,Shiftable,2014-12-21 10:11:00,2014-12-21 10:32:00,21.0,9785.41,True,"{""0"": 0, ""1"": 0, ""2"": 0, ""3"": 21, ""4"": 0, ""5"": 0}",3,3,3,0.6
Washing_Machine_2014-12-23_01,Washing Machine,Appliance5,Shiftable,2014-12-23 09:44:00,2014-12-23 10:32:00,48.0,15677.76,True,"{""0"": 0, ""1"": 0, ""2"": 0, ""3"": 48, ""4"": 0, ""5"": 0}",3,3,3,0.6
Washing_Machine_2014-12-29_01,Washing Machine,Appliance5,Shiftable,2014-12-29 09:36:00,2014-12-29 10:48:00,72.0,28387.33,True,"{""0"": 0, ""1"": 0, ""2"": 0, ""3"": 72, ""4"": 0, ""5"": 0}",3,3,3,0.6
Washing_Machine_2014-12-30_01,Washing Machine,Appliance5,Shiftable,2014-12-30 09:56:00,2014-12-30 10:53:00,57.0,33676.97,True,"{""0"": 0, ""1"": 0, ""2"": 0, ""3"": 57, ""4"": 0, ""5"": 0}",3,3,3,0.6
Washing_Machine_2015-01-05_01,Washing Machine,Appliance5,Shiftable,2015-01-05 09:59:00,2015-01-05 10:47:00,48.0,20550.05,True,"{""0"": 0, ""1"": 0, ""2"": 0, ""3"": 48, ""4"": 0, ""5"": 0}",3,3,3,0.6
Washing_Machine_2015-01-05_02,Washing Machine,Appliance5,Shiftable,2015-01-05 10:51:00,2015-01-05 11:04:00,13.0,11637.54,True,"{""0"": 0, ""1"": 0, ""2"": 0, ""3"": 13, ""4"": 0, ""5"": 0}",3,3,3,0.6
Washing_Machine_2015-01-05_03,Washing Machine,Appliance5,Shiftable,2015-01-05 11:06:00,2015-01-05 11:24:00,18.0,13281.03,True,"{""0"": 0, ""1"": 0, ""2"": 0, ""3"": 18, ""4"": 0, ""5"": 0}",3,3,3,0.6
Washing_Machine_2015-01-07_01,Washing Machine,Appliance5,Shiftable,2015-01-07 10:28:00,2015-01-07 11:14:00,46.0,4303.01,True,"{""0"": 0, ""1"": 0, ""2"": 0, ""3"": 46, ""4"": 0, ""5"": 0}",3,3,3,0.6
Washing_Machine_2015-01-12_01,Washing Machine,Appliance5,Shiftable,2015-01-12 09:56:00,2015-01-12 10:47:00,51.0,20534.38,True,"{""0"": 0, ""1"": 0, ""2"": 0, ""3"": 51, ""4"": 0, ""5"": 0}",3,3,3,0.6
Washing_Machine_2015-01-14_01,Washing Machine,Appliance5,Shiftable,2015-01-14 09:56:00,2015-01-14 11:05:00,69.0,24359.3,True,"{""0"": 0, ""1"": 0, ""2"": 0, ""3"": 69, ""4"": 0, ""5"": 0}",3,3,3,0.6
Washing_Machine_2015-01-16_01,Washing Machine,Appliance5,Shiftable,2015-01-16 15:01:00,2015-01-16 15:18:00,17.0,1014.51,True,"{""0"": 0, ""1"": 0, ""2"": 0, ""3"": 0, ""4"": 0, ""5"": 17}",5,5,5,1.0
Washing_Machine_2015-01-19_01,Washing Machine,Appliance5,Shiftable,2015-01-19 09:51:00,2015-01-19 10:43:00,52.0,20039.71,True,"{""0"": 0, ""1"": 0, ""2"": 0, ""3"": 52, ""4"": 0, ""5"": 0}",3,3,3,0.6
Washing_Machine_2015-01-20_01,Washing Machine,Appliance5,Shiftable,2015-01-20 10:00:00,2015-01-20 11:10:00,70.0,23419.19,True,"{""0"": 0, ""1"": 0, ""2"": 0, ""3"": 70, ""4"": 0, ""5"": 0}",3,3,3,0.6
Washing_Machine_2015-01-24_01,Washing Machine,Appliance5,Shiftable,2015-01-24 09:57:00,2015-01-24 10:45:00,48.0,21585.66,True,"{""0"": 0, ""1"": 0, ""2"": 0, ""3"": 48, ""4"": 0, ""5"": 0}",3,3,3,0.6
Washing_Machine_2015-02-13_01,Washing Machine,Appliance5,Shiftable,2015-02-13 16:39:00,2015-02-13 17:29:00,50.0,19618.1,True,"{""0"": 0, ""1"": 0, ""2"": 0, ""3"": 0, ""4"": 50, ""5"": 0}",4,4,4,0.8
Washing_Machine_2015-02-14_01,Washing Machine,Appliance5,Shiftable,2015-02-14 21:19:00,2015-02-14 22:08:00,49.0,19958.96,True,"{""0"": 0, ""1"": 0, ""2"": 49, ""3"": 0, ""4"": 0, ""5"": 0}",2,2,2,0.4
Washing_Machine_2015-02-15_01,Washing Machine,Appliance5,Shiftable,2015-02-15 09:57:00,2015-02-15 10:14:00,17.0,11033.04,True,"{""0"": 0, ""1"": 0, ""2"": 0, ""3"": 17, ""4"": 0, ""5"": 0}",3,3,3,0.6
Washing_Machine_2015-02-15_02,Washing Machine,Appliance5,Shiftable,2015-02-15 12:16:00,2015-02-15 12:34:00,18.0,1294.58,True,"{""0"": 0, ""1"": 0, ""2"": 0, ""3"": 0, ""4"": 0, ""5"": 18}",5,5,5,1.0
Washing_Machine_2015-02-16_01,Washing Machine,Appliance5,Shiftable,2015-02-16 11:58:00,2015-02-16 12:48:00,50.0,20418.32,True,"{""0"": 0, ""1"": 0, ""2"": 0, ""3"": 2, ""4"": 0, ""5"": 48}",5,3,5,1.0
Washing_Machine_2015-02-18_01,Washing Machine,Appliance5,Shiftable,2015-02-18 09:19:00,2015-02-18 10:36:00,77.0,26735.09,True,"{""0"": 0, ""1"": 0, ""2"": 0, ""3"": 77, ""4"": 0, ""5"": 0}",3,3,3,0.6
Washing_Machine_2015-02-20_01,Washing Machine,Appliance5,Shiftable,2015-02-20 08:29:00,2015-02-20 09:15:00,46.0,19769.07,True,"{""0"": 0, ""1"": 0, ""2"": 0, ""3"": 46, ""4"": 0, ""5"": 0}",3,3,3,0.6
Washing_Machine_2015-02-20_02,Washing Machine,Appliance5,Shiftable,2015-02-20 09:57:00,2015-02-20 10:43:00,46.0,16830.42,True,"{""0"": 0, ""1"": 0, ""2"": 0, ""3"": 46, ""4"": 0, ""5"": 0}",3,3,3,0.6
Washing_Machine_2015-02-21_01,Washing Machine,Appliance5,Shiftable,2015-02-21 09:48:00,2015-02-21 10:37:00,49.0,16060.34,True,"{""0"": 0, ""1"": 0, ""2"": 0, ""3"": 49, ""4"": 0, ""5"": 0}",3,3,3,0.6
Washing_Machine_2015-02-22_01,Washing Machine,Appliance5,Shiftable,2015-02-22 10:09:00,2015-02-22 10:28:00,19.0,12780.19,True,"{""0"": 0, ""1"": 0, ""2"": 0, ""3"": 19, ""4"": 0, ""5"": 0}",3,3,3,0.6
Washing_Machine_2015-02-23_01,Washing Machine,Appliance5,Shiftable,2015-02-23 09:46:00,2015-02-23 10:09:00,23.0,11173.99,True,"{""0"": 0, ""1"": 0, ""2"": 0, ""3"": 23, ""4"": 0, ""5"": 0}",3,3,3,0.6
Washing_Machine_2015-02-23_02,Washing Machine,Appliance5,Shiftable,2015-02-23 10:12:00,2015-02-23 11:03:00,51.0,19737.14,True,"{""0"": 0, ""1"": 0, ""2"": 0, ""3"": 51, ""4"": 0, ""5"": 0}",3,3,3,0.6
Washing_Machine_2015-02-25_01,Washing Machine,Appliance5,Shiftable,2015-02-25 09:36:00,2015-02-25 10:46:00,70.0,26907.15,True,"{""0"": 0, ""1"": 0, ""2"": 0, ""3"": 70, ""4"": 0, ""5"": 0}",3,3,3,0.6
Washing_Machine_2015-03-02_01,Washing Machine,Appliance5,Shiftable,2015-03-02 10:03:00,2015-03-02 10:52:00,49.0,20434.13,True,"{""0"": 0, ""1"": 0, ""2"": 0, ""3"": 49, ""4"": 0, ""5"": 0}",3,3,3,0.6
Washing_Machine_2015-03-04_01,Washing Machine,Appliance5,Shiftable,2015-03-04 09:46:00,2015-03-04 10:57:00,71.0,29226.38,True,"{""0"": 0, ""1"": 0, ""2"": 0, ""3"": 71, ""4"": 0, ""5"": 0}",3,3,3,0.6
Washing_Machine_2015-03-09_01,Washing Machine,Appliance5,Shiftable,2015-03-09 09:18:00,2015-03-09 10:07:00,49.0,20107.44,True,"{""0"": 0, ""1"": 0, ""2"": 0, ""3"": 49, ""4"": 0, ""5"": 0}",3,3,3,0.6
Washing_Machine_2015-03-10_01,Washing Machine,Appliance5,Shiftable,2015-03-10 09:29:00,2015-03-10 10:28:00,59.0,38630.22,True,"{""0"": 0, ""1"": 0, ""2"": 0, ""3"": 59, ""4"": 0, ""5"": 0}",3,3,3,0.6
Washing_Machine_2015-03-11_01,Washing Machine,Appliance5,Shiftable,2015-03-11 09:13:00,2015-03-11 10:26:00,73.0,25093.83,True,"{""0"": 0, ""1"": 0, ""2"": 0, ""3"": 73, ""4"": 0, ""5"": 0}",3,3,3,0.6
Washing_Machine_2015-03-16_01,Washing Machine,Appliance5,Shiftable,2015-03-16 09:35:00,2015-03-16 10:34:00,59.0,37790.53,True,"{""0"": 0, ""1"": 0, ""2"": 0, ""3"": 59, ""4"": 0, ""5"": 0}",3,3,3,0.6
Washing_Machine_2015-03-18_01,Washing Machine,Appliance5,Shiftable,2015-03-18 09:03:00,2015-03-18 10:13:00,70.0,25598.7,True,"{""0"": 0, ""1"": 0, ""2"": 0, ""3"": 70, ""4"": 0, ""5"": 0}",3,3,3,0.6
Washing_Machine_2015-03-20_01,Washing Machine,Appliance5,Shiftable,2015-03-20 09:31:00,2015-03-20 10:17:00,46.0,18936.2,True,"{""0"": 0, ""1"": 0, ""2"": 0, ""3"": 46, ""4"": 0, ""5"": 0}",3,3,3,0.6
Washing_Machine_2015-03-20_02,Washing Machine,Appliance5,Shiftable,2015-03-20 13:15:00,2015-03-20 13:33:00,18.0,12218.26,True,"{""0"": 0, ""1"": 0, ""2"": 0, ""3"": 0, ""4"": 0, ""5"": 18}",5,5,5,1.0
Washing_Machine_2015-03-25_01,Washing Machine,Appliance5,Shiftable,2015-03-25 09:28:00,2015-03-25 10:37:00,69.0,23497.06,True,"{""0"": 0, ""1"": 0, ""2"": 0, ""3"": 69, ""4"": 0, ""5"": 0}",3,3,3,0.6
Washing_Machine_2015-03-30_01,Washing Machine,Appliance5,Shiftable,2015-03-30 09:33:00,2015-03-30 10:21:00,48.0,14046.91,True,"{""0"": 0, ""1"": 0, ""2"": 0, ""3"": 48, ""4"": 0, ""5"": 0}",3,3,3,0.6
Washing_Machine_2015-04-07_01,Washing Machine,Appliance5,Shiftable,2015-04-07 10:18:00,2015-04-07 10:27:00,9.0,1524.72,True,"{""0"": 0, ""1"": 0, ""2"": 0, ""3"": 9, ""4"": 0, ""5"": 0}",3,3,3,0.6
Washing_Machine_2015-04-08_01,Washing Machine,Appliance5,Shiftable,2015-04-08 08:58:00,2015-04-08 10:07:00,69.0,19490.3,True,"{""0"": 0, ""1"": 0, ""2"": 0, ""3"": 69, ""4"": 0, ""5"": 0}",3,3,3,0.6
Washing_Machine_2015-04-08_02,Washing Machine,Appliance5,Shiftable,2015-04-08 15:25:00,2015-04-08 15:49:00,24.0,20725.34,True,"{""0"": 0, ""1"": 0, ""2"": 0, ""3"": 0, ""4"": 0, ""5"": 24}",5,5,5,1.0
Washing_Machine_2015-04-13_01,Washing Machine,Appliance5,Shiftable,2015-04-13 09:20:00,2015-04-13 10:08:00,48.0,18481.78,True,"{""0"": 0, ""1"": 0, ""2"": 0, ""3"": 48, ""4"": 0, ""5"": 0}",3,3,3,0.6
Washing_Machine_2015-04-15_01,Washing Machine,Appliance5,Shiftable,2015-04-15 09:37:00,2015-04-15 10:47:00,70.0,23329.54,True,"{""0"": 0, ""1"": 0, ""2"": 0, ""3"": 70, ""4"": 0, ""5"": 0}",3,3,3,0.6
Washing_Machine_2015-04-19_01,Washing Machine,Appliance5,Shiftable,2015-04-19 09:24:00,2015-04-19 10:12:00,48.0,18577.02,True,"{""0"": 0, ""1"": 0, ""2"": 0, ""3"": 48, ""4"": 0, ""5"": 0}",3,3,3,0.6
Washing_Machine_2015-04-27_01,Washing Machine,Appliance5,Shiftable,2015-04-27 09:18:00,2015-04-27 10:01:00,43.0,14610.07,True,"{""0"": 0, ""1"": 0, ""2"": 0, ""3"": 43, ""4"": 0, ""5"": 0}",3,3,3,0.6
Washing_Machine_2015-05-01_01,Washing Machine,Appliance5,Shiftable,2015-05-01 11:17:00,2015-05-01 12:02:00,45.0,13436.92,True,"{""0"": 0, ""1"": 0, ""2"": 0, ""3"": 43, ""4"": 0, ""5"": 2}",3,3,5,0.6
Washing_Machine_2015-05-02_01,Washing Machine,Appliance5,Shiftable,2015-05-02 09:38:00,2015-05-02 10:23:00,45.0,16137.13,True,"{""0"": 0, ""1"": 0, ""2"": 0, ""3"": 45, ""4"": 0, ""5"": 0}",3,3,3,0.6
Washing_Machine_2015-05-04_01,Washing Machine,Appliance5,Shiftable,2015-05-04 09:07:00,2015-05-04 09:53:00,46.0,15166.26,True,"{""0"": 0, ""1"": 0, ""2"": 0, ""3"": 46, ""4"": 0, ""5"": 0}",3,3,3,0.6
Washing_Machine_2015-05-06_01,Washing Machine,Appliance5,Shiftable,2015-05-06 09:18:00,2015-05-06 10:28:00,70.0,23760.83,True,"{""0"": 0, ""1"": 0, ""2"": 0, ""3"": 70, ""4"": 0, ""5"": 0}",3,3,3,0.6
Washing_Machine_2015-05-06_02,Washing Machine,Appliance5,Shiftable,2015-05-06 11:07:00,2015-05-06 12:07:00,60.0,45242.98,True,"{""0"": 0, ""1"": 0, ""2"": 0, ""3"": 53, ""4"": 0, ""5"": 7}",3,3,5,0.6
Washing_Machine_2015-05-20_01,Washing Machine,Appliance5,Shiftable,2015-05-20 09:31:00,2015-05-20 10:42:00,71.0,23685.17,True,"{""0"": 0, ""1"": 0, ""2"": 0, ""3"": 71, ""4"": 0, ""5"": 0}",3,3,3,0.6
Dishwasher_2014-03-07_01,Dishwasher,Appliance6,Shiftable,2014-03-07 19:19:00,2014-03-07 19:57:00,38.0,46679.04,True,"{""0"": 0, ""1"": 0, ""2"": 0, ""3"": 0, ""4"": 38, ""5"": 0}",4,4,4,0.8
Dishwasher_2014-03-07_03,Dishwasher,Appliance6,Shiftable,2014-03-07 20:02:00,2014-03-07 20:29:00,27.0,39738.16,True,"{""0"": 0, ""1"": 0, ""2"": 27, ""3"": 0, ""4"": 0, ""5"": 0}",2,2,2,0.4
Dishwasher_2014-03-08_01,Dishwasher,Appliance6,Shiftable,2014-03-08 20:11:00,2014-03-08 20:21:00,10.0,764.09,True,"{""0"": 0, ""1"": 0, ""2"": 10, ""3"": 0, ""4"": 0, ""5"": 0}",2,2,2,0.4
Dishwasher_2014-03-09_01,Dishwasher,Appliance6,Shiftable,2014-03-09 09:18:00,2014-03-09 10:28:00,70.0,87665.26,True,"{""0"": 0, ""1"": 0, ""2"": 0, ""3"": 70, ""4"": 0, ""5"": 0}",3,3,3,0.6
Dishwasher_2014-03-10_02,Dishwasher,Appliance6,Shiftable,2014-03-10 18:59:00,2014-03-10 20:08:00,69.0,85503.6,True,"{""0"": 0, ""1"": 0, ""2"": 8, ""3"": 0, ""4"": 61, ""5"": 0}",4,4,2,0.8
Dishwasher_2014-03-13_01,Dishwasher,Appliance6,Shiftable,2014-03-13 08:44:00,2014-03-13 08:54:00,10.0,739.2,True,"{""0"": 0, ""1"": 0, ""2"": 0, ""3"": 10, ""4"": 0, ""5"": 0}",3,3,3,0.6
Dishwasher_2014-03-13_04,Dishwasher,Appliance6,Shiftable,2014-03-13 20:03:00,2014-03-13 21:12:00,69.0,87853.7,True,"{""0"": 0, ""1"": 0, ""2"": 69, ""3"": 0, ""4"": 0, ""5"": 0}",2,2,2,0.4
Dishwasher_2014-03-16_01,Dishwasher,Appliance6,Shiftable,2014-03-16 09:44:00,2014-03-16 10:55:00,71.0,87046.42,True,"{""0"": 0, ""1"": 0, ""2"": 0, ""3"": 71, ""4"": 0, ""5"": 0}",3,3,3,0.6
Dishwasher_2014-03-17_01,Dishwasher,Appliance6,Shiftable,2014-03-17 18:49:00,2014-03-17 19:27:00,38.0,48217.53,True,"{""0"": 0, ""1"": 0, ""2"": 0, ""3"": 0, ""4"": 38, ""5"": 0}",4,4,4,0.8
Dishwasher_2014-03-17_02,Dishwasher,Appliance6,Shiftable,2014-03-17 19:28:00,2014-03-17 19:59:00,31.0,39978.26,True,"{""0"": 0, ""1"": 0, ""2"": 0, ""3"": 0, ""4"": 31, ""5"": 0}",4,4,4,0.8
Dishwasher_2014-03-21_01,Dishwasher,Appliance6,Shiftable,2014-03-21 09:22:00,2014-03-21 10:35:00,73.0,89981.63,True,"{""0"": 0, ""1"": 0, ""2"": 0, ""3"": 73, ""4"": 0, ""5"": 0}",3,3,3,0.6
Dishwasher_2014-03-27_02,Dishwasher,Appliance6,Shiftable,2014-03-27 18:57:00,2014-03-27 19:04:00,7.0,633.54,True,"{""0"": 0, ""1"": 0, ""2"": 0, ""3"": 0, ""4"": 7, ""5"": 0}",4,4,4,0.8
Dishwasher_2014-03-28_02,Dishwasher,Appliance6,Shiftable,2014-03-28 13:39:00,2014-03-28 14:20:00,41.0,47396.13,True,"{""0"": 0, ""1"": 0, ""2"": 0, ""3"": 0, ""4"": 0, ""5"": 41}",5,5,5,1.0
Dishwasher_2014-03-28_03,Dishwasher,Appliance6,Shiftable,2014-03-28 14:21:00,2014-03-28 14:48:00,27.0,39339.02,True,"{""0"": 0, ""1"": 0, ""2"": 0, ""3"": 0, ""4"": 0, ""5"": 27}",5,5,5,1.0
Dishwasher_2014-03-28_05,Dishwasher,Appliance6,Shiftable,2014-03-28 22:51:00,2014-03-29 00:00:00,69.0,87663.73,True,"{""0"": 0, ""1"": 0, ""2"": 69, ""3"": 0, ""4"": 0, ""5"": 0}",2,2,0,0.4
Dishwasher_2014-03-31_01,Dishwasher,Appliance6,Shiftable,2014-03-31 17:43:00,2014-03-31 18:54:00,71.0,88005.38,True,"{""0"": 0, ""1"": 0, ""2"": 0, ""3"": 0, ""4"": 71, ""5"": 0}",4,4,4,0.8
Dishwasher_2014-04-03_02,Dishwasher,Appliance6,Shiftable,2014-04-03 17:50:00,2014-04-03 18:58:00,68.0,85698.11,True,"{""0"": 0, ""1"": 0, ""2"": 0, ""3"": 0, ""4"": 68, ""5"": 0}",4,4,4,0.8
Dishwasher_2014-04-05_01,Dishwasher,Appliance6,Shiftable,2014-04-05 12:17:00,2014-04-05 12:53:00,36.0,46443.88,True,"{""0"": 0, ""1"": 0, ""2"": 0, ""3"": 0, ""4"": 0, ""5"": 36}",5,5,5,1.0
Dishwasher_2014-04-05_02,Dishwasher,Appliance6,Shiftable,2014-04-05 12:54:00,2014-04-05 13:24:00,30.0,38878.26,True,"{""0"": 0, ""1"": 0, ""2"": 0, ""3"": 0, ""4"": 0, ""5"": 30}",5,5,5,1.0
Dishwasher_2014-04-05_04,Dishwasher,Appliance6,Shiftable,2014-04-05 22:26:00,2014-04-05 23:40:00,74.0,86637.5,True,"{""0"": 0, ""1"": 0, ""2"": 74, ""3"": 0, ""4"": 0, ""5"": 0}",2,2,2,0.4
Dishwasher_2014-04-07_01,Dishwasher,Appliance6,Shiftable,2014-04-07 17:54:00,2014-04-07 18:32:00,38.0,45306.41,True,"{""0"": 0, ""1"": 0, ""2"": 0, ""3"": 0, ""4"": 38, ""5"": 0}",4,4,4,0.8
Dishwasher_2014-04-07_03,Dishwasher,Appliance6,Shiftable,2014-04-07 18:36:00,2014-04-07 19:02:00,26.0,38292.3,True,"{""0"": 0, ""1"": 0, ""2"": 0, ""3"": 0, ""4"": 26, ""5"": 0}",4,4,4,0.8
Dishwasher_2014-04-10_01,Dishwasher,Appliance6,Shiftable,2014-04-10 07:37:00,2014-04-10 07:47:00,10.0,703.64,True,"{""0"": 0, ""1"": 10, ""2"": 0, ""3"": 0, ""4"": 0, ""5"": 0}",1,1,1,0.2
Dishwasher_2014-04-10_03,Dishwasher,Appliance6,Shiftable,2014-04-10 18:10:00,2014-04-10 19:19:00,69.0,84481.44,True,"{""0"": 0, ""1"": 0, ""2"": 0, ""3"": 0, ""4"": 69, ""5"": 0}",4,4,4,0.8
Dishwasher_2014-04-12_01,Dishwasher,Appliance6,Shiftable,2014-04-12 18:51:00,2014-04-12 19:59:00,68.0,83932.98,True,"{""0"": 0, ""1"": 0, ""2"": 0, ""3"": 0, ""4"": 68, ""5"": 0}",4,4,4,0.8
Dishwasher_2014-04-14_02,Dishwasher,Appliance6,Shiftable,2014-04-14 18:04:00,2014-04-14 18:39:00,35.0,48421.06,True,"{""0"": 0, ""1"": 0, ""2"": 0, ""3"": 0, ""4"": 35, ""5"": 0}",4,4,4,0.8
Dishwasher_2014-04-14_03,Dishwasher,Appliance6,Shiftable,2014-04-14 18:40:00,2014-04-14 19:11:00,31.0,38290.47,True,"{""0"": 0, ""1"": 0, ""2"": 0, ""3"": 0, ""4"": 31, ""5"": 0}",4,4,4,0.8
Dishwasher_2014-04-16_01,Dishwasher,Appliance6,Shiftable,2014-04-16 08:14:00,2014-04-16 09:23:00,69.0,84338.18,True,"{""0"": 0, ""1"": 0, ""2"": 0, ""3"": 69, ""4"": 0, ""5"": 0}",3,3,3,0.6
Dishwasher_2014-04-21_01,Dishwasher,Appliance6,Shiftable,2014-04-21 17:47:00,2014-04-21 18:55:00,68.0,84923.21,True,"{""0"": 0, ""1"": 0, ""2"": 0, ""3"": 0, ""4"": 68, ""5"": 0}",4,4,4,0.8
Dishwasher_2014-04-23_02,Dishwasher,Appliance6,Shiftable,2014-04-23 17:50:00,2014-04-23 18:55:00,65.0,85329.62,True,"{""0"": 0, ""1"": 0, ""2"": 0, ""3"": 0, ""4"": 65, ""5"": 0}",4,4,4,0.8
Dishwasher_2014-04-24_01,Dishwasher,Appliance6,Shiftable,2014-04-24 18:20:00,2014-04-24 19:26:00,66.0,80533.14,True,"{""0"": 0, ""1"": 0, ""2"": 0, ""3"": 0, ""4"": 66, ""5"": 0}",4,4,4,0.8
Dishwasher_2014-04-25_01,Dishwasher,Appliance6,Shiftable,2014-04-25 17:59:00,2014-04-25 18:09:00,10.0,741.7,True,"{""0"": 0, ""1"": 0, ""2"": 0, ""3"": 0, ""4"": 10, ""5"": 0}",4,4,4,0.8
Dishwasher_2014-04-26_01,Dishwasher,Appliance6,Shiftable,2014-04-26 11:58:00,2014-04-26 12:35:00,37.0,47772.73,True,"{""0"": 0, ""1"": 0, ""2"": 0, ""3"": 2, ""4"": 0, ""5"": 35}",5,3,5,1.0
Dishwasher_2014-04-26_02,Dishwasher,Appliance6,Shiftable,2014-04-26 12:36:00,2014-04-26 13:06:00,30.0,38332.19,True,"{""0"": 0, ""1"": 0, ""2"": 0, ""3"": 0, ""4"": 0, ""5"": 30}",5,5,5,1.0
Dishwasher_2014-04-27_02,Dishwasher,Appliance6,Shiftable,2014-04-27 19:00:00,2014-04-27 19:33:00,33.0,45028.14,True,"{""0"": 0, ""1"": 0, ""2"": 0, ""3"": 0, ""4"": 33, ""5"": 0}",4,4,4,0.8
Dishwasher_2014-04-27_03,Dishwasher,Appliance6,Shiftable,2014-04-27 19:35:00,2014-04-27 19:43:00,8.0,577.34,True,"{""0"": 0, ""1"": 0, ""2"": 0, ""3"": 0, ""4"": 8, ""5"": 0}",4,4,4,0.8
Dishwasher_2014-04-27_04,Dishwasher,Appliance6,Shiftable,2014-04-27 19:44:00,2014-04-27 20:04:00,20.0,36204.32,True,"{""0"": 0, ""1"": 0, ""2"": 4, ""3"": 0, ""4"": 16, ""5"": 0}",4,4,2,0.8
Dishwasher_2014-04-29_02,Dishwasher,Appliance6,Shiftable,2014-04-29 17:43:00,2014-04-29 18:46:00,63.0,81117.3,True,"{""0"": 0, ""1"": 0, ""2"": 0, ""3"": 0, ""4"": 63, ""5"": 0}",4,4,4,0.8
Dishwasher_2014-05-01_02,Dishwasher,Appliance6,Shiftable,2014-05-01 12:34:00,2014-05-01 12:40:00,6.0,687.65,True,"{""0"": 0, ""1"": 0, ""2"": 0, ""3"": 0, ""4"": 0, ""5"": 6}",5,5,5,1.0
Dishwasher_2014-05-02_01,Dishwasher,Appliance6,Shiftable,2014-05-02 08:04:00,2014-05-02 08:45:00,41.0,46056.23,True,"{""0"": 0, ""1"": 0, ""2"": 0, ""3"": 41, ""4"": 0, ""5"": 0}",3,3,3,0.6
Dishwasher_2014-05-02_02,Dishwasher,Appliance6,Shiftable,2014-05-02 08:46:00,2014-05-02 09:12:00,26.0,36995.76,True,"{""0"": 0, ""1"": 0, ""2"": 0, ""3"": 26, ""4"": 0, ""5"": 0}",3,3,3,0.6
Dishwasher_2014-05-03_01,Dishwasher,Appliance6,Shiftable,2014-05-03 18:43:00,2014-05-03 19:31:00,48.0,47953.65,True,"{""0"": 0, ""1"": 0, ""2"": 0, ""3"": 0, ""4"": 48, ""5"": 0}",4,4,4,0.8
Dishwasher_2014-05-03_02,Dishwasher,Appliance6,Shiftable,2014-05-03 19:32:00,2014-05-03 19:51:00,19.0,37006.29,True,"{""0"": 0, ""1"": 0, ""2"": 0, ""3"": 0, ""4"": 19, ""5"": 0}",4,4,4,0.8
Dishwasher_2014-05-04_02,Dishwasher,Appliance6,Shiftable,2014-05-04 17:56:00,2014-05-04 18:38:00,42.0,48265.06,True,"{""0"": 0, ""1"": 0, ""2"": 0, ""3"": 0, ""4"": 42, ""5"": 0}",4,4,4,0.8
Dishwasher_2014-05-04_03,Dishwasher,Appliance6,Shiftable,2014-05-04 18:39:00,2014-05-04 19:04:00,25.0,37330.04,True,"{""0"": 0, ""1"": 0, ""2"": 0, ""3"": 0, ""4"": 25, ""5"": 0}",4,4,4,0.8
Dishwasher_2014-05-06_02,Dishwasher,Appliance6,Shiftable,2014-05-06 14:35:00,2014-05-06 15:39:00,64.0,80821.73,True,"{""0"": 0, ""1"": 0, ""2"": 0, ""3"": 0, ""4"": 0, ""5"": 64}",5,5,5,1.0
Dishwasher_2014-05-24_02,Dishwasher,Appliance6,Shiftable,2014-05-24 19:50:00,2014-05-24 20:56:00,66.0,82215.74,True,"{""0"": 0, ""1"": 0, ""2"": 56, ""3"": 0, ""4"": 10, ""5"": 0}",2,4,2,0.4
Dishwasher_2014-05-26_01,Dishwasher,Appliance6,Shiftable,2014-05-26 18:04:00,2014-05-26 18:52:00,48.0,45185.63,True,"{""0"": 0, ""1"": 0, ""2"": 0, ""3"": 0, ""4"": 48, ""5"": 0}",4,4,4,0.8
Dishwasher_2014-05-26_02,Dishwasher,Appliance6,Shiftable,2014-05-26 18:53:00,2014-05-26 19:12:00,19.0,35367.88,True,"{""0"": 0, ""1"": 0, ""2"": 0, ""3"": 0, ""4"": 19, ""5"": 0}",4,4,4,0.8
Dishwasher_2014-05-28_01,Dishwasher,Appliance6,Shiftable,2014-05-28 18:00:00,2014-05-28 18:09:00,9.0,721.16,True,"{""0"": 0, ""1"": 0, ""2"": 0, ""3"": 0, ""4"": 9, ""5"": 0}",4,4,4,0.8
Dishwasher_2014-05-29_02,Dishwasher,Appliance6,Shiftable,2014-05-29 18:05:00,2014-05-29 18:52:00,47.0,47281.01,True,"{""0"": 0, ""1"": 0, ""2"": 0, ""3"": 0, ""4"": 47, ""5"": 0}",4,4,4,0.8
Dishwasher_2014-05-29_03,Dishwasher,Appliance6,Shiftable,2014-05-29 18:53:00,2014-05-29 19:12:00,19.0,36027.06,True,"{""0"": 0, ""1"": 0, ""2"": 0, ""3"": 0, ""4"": 19, ""5"": 0}",4,4,4,0.8
Dishwasher_2014-06-01_02,Dishwasher,Appliance6,Shiftable,2014-06-01 19:04:00,2014-06-01 20:12:00,68.0,84627.61,True,"{""0"": 0, ""1"": 0, ""2"": 12, ""3"": 0, ""4"": 56, ""5"": 0}",4,4,2,0.8
Dishwasher_2014-06-02_01,Dishwasher,Appliance6,Shiftable,2014-06-02 20:19:00,2014-06-02 20:56:00,37.0,45267.88,True,"{""0"": 0, ""1"": 0, ""2"": 37, ""3"": 0, ""4"": 0, ""5"": 0}",2,2,2,0.4
Dishwasher_2014-06-02_02,Dishwasher,Appliance6,Shiftable,2014-06-02 20:57:00,2014-06-02 21:26:00,29.0,36245.54,True,"{""0"": 0, ""1"": 0, ""2"": 29, ""3"": 0, ""4"": 0, ""5"": 0}",2,2,2,0.4
Dishwasher_2014-06-03_01,Dishwasher,Appliance6,Shiftable,2014-06-03 21:03:00,2014-06-03 21:49:00,46.0,42474.08,True,"{""0"": 0, ""1"": 0, ""2"": 46, ""3"": 0, ""4"": 0, ""5"": 0}",2,2,2,0.4
Dishwasher_2014-06-03_02,Dishwasher,Appliance6,Shiftable,2014-06-03 21:50:00,2014-06-03 22:08:00,18.0,35241.69,True,"{""0"": 0, ""1"": 0, ""2"": 18, ""3"": 0, ""4"": 0, ""5"": 0}",2,2,2,0.4
Dishwasher_2014-06-04_01,Dishwasher,Appliance6,Shiftable,2014-06-04 20:26:00,2014-06-04 21:13:00,47.0,44938.73,True,"{""0"": 0, ""1"": 0, ""2"": 47, ""3"": 0, ""4"": 0, ""5"": 0}",2,2,2,0.4
Dishwasher_2014-06-04_02,Dishwasher,Appliance6,Shiftable,2014-06-04 21:14:00,2014-06-04 21:33:00,19.0,35839.06,True,"{""0"": 0, ""1"": 0, ""2"": 19, ""3"": 0, ""4"": 0, ""5"": 0}",2,2,2,0.4
Dishwasher_2014-06-07_01,Dishwasher,Appliance6,Shiftable,2014-06-07 11:58:00,2014-06-07 13:05:00,67.0,82301.82,True,"{""0"": 0, ""1"": 0, ""2"": 0, ""3"": 2, ""4"": 0, ""5"": 65}",5,3,5,1.0
Dishwasher_2014-06-11_01,Dishwasher,Appliance6,Shiftable,2014-06-11 17:17:00,2014-06-11 17:54:00,37.0,44095.53,True,"{""0"": 0, ""1"": 0, ""2"": 0, ""3"": 0, ""4"": 37, ""5"": 0}",4,4,4,0.8
Dishwasher_2014-06-11_02,Dishwasher,Appliance6,Shiftable,2014-06-11 17:55:00,2014-06-11 18:23:00,28.0,34893.14,True,"{""0"": 0, ""1"": 0, ""2"": 0, ""3"": 0, ""4"": 28, ""5"": 0}",4,4,4,0.8
Dishwasher_2014-06-13_01,Dishwasher,Appliance6,Shiftable,2014-06-13 18:10:00,2014-06-13 18:56:00,46.0,42716.66,True,"{""0"": 0, ""1"": 0, ""2"": 0, ""3"": 0, ""4"": 46, ""5"": 0}",4,4,4,0.8
Dishwasher_2014-06-13_02,Dishwasher,Appliance6,Shiftable,2014-06-13 18:57:00,2014-06-13 19:15:00,18.0,33652.32,True,"{""0"": 0, ""1"": 0, ""2"": 0, ""3"": 0, ""4"": 18, ""5"": 0}",4,4,4,0.8
Dishwasher_2014-06-15_02,Dishwasher,Appliance6,Shiftable,2014-06-15 07:12:00,2014-06-15 07:50:00,38.0,41393.73,True,"{""0"": 0, ""1"": 38, ""2"": 0, ""3"": 0, ""4"": 0, ""5"": 0}",1,1,1,0.2
Dishwasher_2014-06-15_03,Dishwasher,Appliance6,Shiftable,2014-06-15 07:51:00,2014-06-15 08:16:00,25.0,32029.48,True,"{""0"": 0, ""1"": 9, ""2"": 0, ""3"": 16, ""4"": 0, ""5"": 0}",3,1,3,0.6
Dishwasher_2014-06-22_02,Dishwasher,Appliance6,Shiftable,2014-06-22 12:03:00,2014-06-22 12:50:00,47.0,43614.56,True,"{""0"": 0, ""1"": 0, ""2"": 0, ""3"": 0, ""4"": 0, ""5"": 47}",5,5,5,1.0
Dishwasher_2014-06-22_03,Dishwasher,Appliance6,Shiftable,2014-06-22 12:51:00,2014-06-22 13:09:00,18.0,34846.1,True,"{""0"": 0, ""1"": 0, ""2"": 0, ""3"": 0, ""4"": 0, ""5"": 18}",5,5,5,1.0
Dishwasher_2014-06-24_01,Dishwasher,Appliance6,Shiftable,2014-06-24 18:06:00,2014-06-24 19:12:00,66.0,75933.54,True,"{""0"": 0, ""1"": 0, ""2"": 0, ""3"": 0, ""4"": 66, ""5"": 0}",4,4,4,0.8
Dishwasher_2014-06-26_01,Dishwasher,Appliance6,Shiftable,2014-06-26 17:29:00,2014-06-26 17:34:00,5.0,61.63,True,"{""0"": 0, ""1"": 0, ""2"": 0, ""3"": 0, ""4"": 5, ""5"": 0}",4,4,4,0.8
Dishwasher_2014-06-26_02,Dishwasher,Appliance6,Shiftable,2014-06-26 17:36:00,2014-06-26 17:46:00,10.0,770.6,True,"{""0"": 0, ""1"": 0, ""2"": 0, ""3"": 0, ""4"": 10, ""5"": 0}",4,4,4,0.8
Dishwasher_2014-06-27_01,Dishwasher,Appliance6,Shiftable,2014-06-27 12:19:00,2014-06-27 12:24:00,5.0,101.11,True,"{""0"": 0, ""1"": 0, ""2"": 0, ""3"": 0, ""4"": 0, ""5"": 5}",5,5,5,1.0
Dishwasher_2014-06-27_02,Dishwasher,Appliance6,Shiftable,2014-06-27 13:49:00,2014-06-27 14:50:00,61.0,79568.3,True,"{""0"": 0, ""1"": 0, ""2"": 0, ""3"": 0, ""4"": 0, ""5"": 61}",5,5,5,1.0
Dishwasher_2014-06-29_02,Dishwasher,Appliance6,Shiftable,2014-06-29 08:26:00,2014-06-29 09:05:00,39.0,41275.58,True,"{""0"": 0, ""1"": 0, ""2"": 0, ""3"": 39, ""4"": 0, ""5"": 0}",3,3,3,0.6
Dishwasher_2014-06-29_03,Dishwasher,Appliance6,Shiftable,2014-06-29 09:06:00,2014-06-29 09:32:00,26.0,34869.54,True,"{""0"": 0, ""1"": 0, ""2"": 0, ""3"": 26, ""4"": 0, ""5"": 0}",3,3,3,0.6
Dishwasher_2014-06-29_05,Dishwasher,Appliance6,Shiftable,2014-06-29 15:44:00,2014-06-29 15:54:00,10.0,754.37,True,"{""0"": 0, ""1"": 0, ""2"": 0, ""3"": 0, ""4"": 0, ""5"": 10}",5,5,5,1.0
Dishwasher_2014-06-29_06,Dishwasher,Appliance6,Shiftable,2014-06-29 15:55:00,2014-06-29 16:31:00,36.0,43563.41,True,"{""0"": 0, ""1"": 0, ""2"": 0, ""3"": 0, ""4"": 31, ""5"": 5}",4,5,4,0.8
Dishwasher_2014-06-29_07,Dishwasher,Appliance6,Shiftable,2014-06-29 16:32:00,2014-06-29 16:51:00,19.0,34694.15,True,"{""0"": 0, ""1"": 0, ""2"": 0, ""3"": 0, ""4"": 19, ""5"": 0}",4,4,4,0.8
Dishwasher_2014-07-01_01,Dishwasher,Appliance6,Shiftable,2014-07-01 17:57:00,2014-07-01 18:33:00,36.0,45035.38,True,"{""0"": 0, ""1"": 0, ""2"": 0, ""3"": 0, ""4"": 36, ""5"": 0}",4,4,4,0.8
Dishwasher_2014-07-01_02,Dishwasher,Appliance6,Shiftable,2014-07-01 18:34:00,2014-07-01 19:04:00,30.0,35354.95,True,"{""0"": 0, ""1"": 0, ""2"": 0, ""3"": 0, ""4"": 30, ""5"": 0}",4,4,4,0.8
Dishwasher_2014-07-03_01,Dishwasher,Appliance6,Shiftable,2014-07-03 18:01:00,2014-07-03 18:40:00,39.0,39905.63,True,"{""0"": 0, ""1"": 0, ""2"": 0, ""3"": 0, ""4"": 39, ""5"": 0}",4,4,4,0.8
Dishwasher_2014-07-03_02,Dishwasher,Appliance6,Shiftable,2014-07-03 18:42:00,2014-07-03 19:06:00,24.0,34156.55,True,"{""0"": 0, ""1"": 0, ""2"": 0, ""3"": 0, ""4"": 24, ""5"": 0}",4,4,4,0.8
Dishwasher_2014-07-05_01,Dishwasher,Appliance6,Shiftable,2014-07-05 12:31:00,2014-07-05 13:35:00,64.0,75294.58,True,"{""0"": 0, ""1"": 0, ""2"": 0, ""3"": 0, ""4"": 0, ""5"": 64}",5,5,5,1.0
Dishwasher_2014-07-07_01,Dishwasher,Appliance6,Shiftable,2014-07-07 17:24:00,2014-07-07 18:29:00,65.0,78488.57,True,"{""0"": 0, ""1"": 0, ""2"": 0, ""3"": 0, ""4"": 65, ""5"": 0}",4,4,4,0.8
Dishwasher_2014-07-09_02,Dishwasher,Appliance6,Shiftable,2014-07-09 17:36:00,2014-07-09 17:45:00,9.0,736.8,True,"{""0"": 0, ""1"": 0, ""2"": 0, ""3"": 0, ""4"": 9, ""5"": 0}",4,4,4,0.8
Dishwasher_2014-07-09_03,Dishwasher,Appliance6,Shiftable,2014-07-09 17:46:00,2014-07-09 18:11:00,25.0,41294.0,True,"{""0"": 0, ""1"": 0, ""2"": 0, ""3"": 0, ""4"": 25, ""5"": 0}",4,4,4,0.8
Dishwasher_2014-07-09_04,Dishwasher,Appliance6,Shiftable,2014-07-09 18:12:00,2014-07-09 18:21:00,9.0,617.29,True,"{""0"": 0, ""1"": 0, ""2"": 0, ""3"": 0, ""4"": 9, ""5"": 0}",4,4,4,0.8
Dishwasher_2014-07-09_05,Dishwasher,Appliance6,Shiftable,2014-07-09 18:22:00,2014-07-09 18:40:00,18.0,34313.09,True,"{""0"": 0, ""1"": 0, ""2"": 0, ""3"": 0, ""4"": 18, ""5"": 0}",4,4,4,0.8
Dishwasher_2014-07-11_01,Dishwasher,Appliance6,Shiftable,2014-07-11 18:20:00,2014-07-11 19:25:00,65.0,76143.38,True,"{""0"": 0, ""1"": 0, ""2"": 0, ""3"": 0, ""4"": 65, ""5"": 0}",4,4,4,0.8
Dishwasher_2014-07-13_02,Dishwasher,Appliance6,Shiftable,2014-07-13 08:23:00,2014-07-13 09:00:00,37.0,42059.01,True,"{""0"": 0, ""1"": 0, ""2"": 0, ""3"": 37, ""4"": 0, ""5"": 0}",3,3,3,0.6
Dishwasher_2014-07-13_03,Dishwasher,Appliance6,Shiftable,2014-07-13 09:01:00,2014-07-13 09:25:00,24.0,33209.07,True,"{""0"": 0, ""1"": 0, ""2"": 0, ""3"": 24, ""4"": 0, ""5"": 0}",3,3,3,0.6
Dishwasher_2014-07-14_01,Dishwasher,Appliance6,Shiftable,2014-07-14 17:38:00,2014-07-14 18:24:00,46.0,43528.77,True,"{""0"": 0, ""1"": 0, ""2"": 0, ""3"": 0, ""4"": 46, ""5"": 0}",4,4,4,0.8
Dishwasher_2014-07-14_02,Dishwasher,Appliance6,Shiftable,2014-07-14 18:25:00,2014-07-14 18:43:00,18.0,32685.19,True,"{""0"": 0, ""1"": 0, ""2"": 0, ""3"": 0, ""4"": 18, ""5"": 0}",4,4,4,0.8
Dishwasher_2014-07-15_02,Dishwasher,Appliance6,Shiftable,2014-07-15 17:53:00,2014-07-15 18:36:00,43.0,43212.01,True,"{""0"": 0, ""1"": 0, ""2"": 0, ""3"": 0, ""4"": 43, ""5"": 0}",4,4,4,0.8
Dishwasher_2014-07-15_03,Dishwasher,Appliance6,Shiftable,2014-07-15 18:37:00,2014-07-15 18:55:00,18.0,32664.78,True,"{""0"": 0, ""1"": 0, ""2"": 0, ""3"": 0, ""4"": 18, ""5"": 0}",4,4,4,0.8
Dishwasher_2014-07-17_02,Dishwasher,Appliance6,Shiftable,2014-07-17 18:01:00,2014-07-17 19:05:00,64.0,75601.37,True,"{""0"": 0, ""1"": 0, ""2"": 0, ""3"": 0, ""4"": 64, ""5"": 0}",4,4,4,0.8
Dishwasher_2014-08-21_01,Dishwasher,Appliance6,Shiftable,2014-08-21 18:30:00,2014-08-21 19:13:00,43.0,45751.21,True,"{""0"": 0, ""1"": 0, ""2"": 0, ""3"": 0, ""4"": 43, ""5"": 0}",4,4,4,0.8
Dishwasher_2014-08-21_02,Dishwasher,Appliance6,Shiftable,2014-08-21 19:14:00,2014-08-21 19:39:00,25.0,35347.25,True,"{""0"": 0, ""1"": 0, ""2"": 0, ""3"": 0, ""4"": 25, ""5"": 0}",4,4,4,0.8
Dishwasher_2014-08-22_01,Dishwasher,Appliance6,Shiftable,2014-08-22 19:01:00,2014-08-22 20:07:00,66.0,75994.39,True,"{""0"": 0, ""1"": 0, ""2"": 7, ""3"": 0, ""4"": 59, ""5"": 0}",4,4,2,0.8
Dishwasher_2014-08-24_02,Dishwasher,Appliance6,Shiftable,2014-08-24 08:05:00,2014-08-24 08:37:00,32.0,41550.36,True,"{""0"": 0, ""1"": 0, ""2"": 0, ""3"": 32, ""4"": 0, ""5"": 0}",3,3,3,0.6
Dishwasher_2014-08-24_03,Dishwasher,Appliance6,Shiftable,2014-08-24 08:38:00,2014-08-24 09:08:00,30.0,33921.15,True,"{""0"": 0, ""1"": 0, ""2"": 0, ""3"": 30, ""4"": 0, ""5"": 0}",3,3,3,0.6
Dishwasher_2014-08-24_06,Dishwasher,Appliance6,Shiftable,2014-08-24 16:27:00,2014-08-24 17:32:00,65.0,81863.08,True,"{""0"": 0, ""1"": 0, ""2"": 0, ""3"": 0, ""4"": 65, ""5"": 0}",4,4,4,0.8
Dishwasher_2014-08-27_03,Dishwasher,Appliance6,Shiftable,2014-08-27 12:04:00,2014-08-27 12:38:00,34.0,45167.46,True,"{""0"": 0, ""1"": 0, ""2"": 0, ""3"": 0, ""4"": 0, ""5"": 34}",5,5,5,1.0
Dishwasher_2014-08-27_04,Dishwasher,Appliance6,Shiftable,2014-08-27 12:39:00,2014-08-27 13:08:00,29.0,34903.42,True,"{""0"": 0, ""1"": 0, ""2"": 0, ""3"": 0, ""4"": 0, ""5"": 29}",5,5,5,1.0
Dishwasher_2014-08-29_01,Dishwasher,Appliance6,Shiftable,2014-08-29 18:13:00,2014-08-29 18:19:00,6.0,94.29,True,"{""0"": 0, ""1"": 0, ""2"": 0, ""3"": 0, ""4"": 6, ""5"": 0}",4,4,4,0.8
Dishwasher_2014-08-29_02,Dishwasher,Appliance6,Shiftable,2014-08-29 19:21:00,2014-08-29 20:08:00,47.0,46147.75,True,"{""0"": 0, ""1"": 0, ""2"": 8, ""3"": 0, ""4"": 39, ""5"": 0}",4,4,2,0.8
Dishwasher_2014-08-29_03,Dishwasher,Appliance6,Shiftable,2014-08-29 20:09:00,2014-08-29 20:34:00,25.0,35719.68,True,"{""0"": 0, ""1"": 0, ""2"": 25, ""3"": 0, ""4"": 0, ""5"": 0}",2,2,2,0.4
Dishwasher_2014-09-03_01,Dishwasher,Appliance6,Shiftable,2014-09-03 09:09:00,2014-09-03 10:17:00,68.0,76801.52,True,"{""0"": 0, ""1"": 0, ""2"": 0, ""3"": 68, ""4"": 0, ""5"": 0}",3,3,3,0.6
Dishwasher_2014-09-07_01,Dishwasher,Appliance6,Shiftable,2014-09-07 08:10:00,2014-09-07 09:18:00,68.0,79233.93,True,"{""0"": 0, ""1"": 0, ""2"": 0, ""3"": 68, ""4"": 0, ""5"": 0}",3,3,3,0.6
Dishwasher_2014-09-10_01,Dishwasher,Appliance6,Shiftable,2014-09-10 18:09:00,2014-09-10 18:57:00,48.0,45179.7,True,"{""0"": 0, ""1"": 0, ""2"": 0, ""3"": 0, ""4"": 48, ""5"": 0}",4,4,4,0.8
Dishwasher_2014-09-10_02,Dishwasher,Appliance6,Shiftable,2014-09-10 18:58:00,2014-09-10 19:17:00,19.0,33916.18,True,"{""0"": 0, ""1"": 0, ""2"": 0, ""3"": 0, ""4"": 19, ""5"": 0}",4,4,4,0.8
Dishwasher_2014-09-12_01,Dishwasher,Appliance6,Shiftable,2014-09-12 18:10:00,2014-09-12 19:17:00,67.0,75036.29,True,"{""0"": 0, ""1"": 0, ""2"": 0, ""3"": 0, ""4"": 67, ""5"": 0}",4,4,4,0.8
Dishwasher_2014-09-14_02,Dishwasher,Appliance6,Shiftable,2014-09-14 18:42:00,2014-09-14 19:46:00,64.0,78349.25,True,"{""0"": 0, ""1"": 0, ""2"": 0, ""3"": 0, ""4"": 64, ""5"": 0}",4,4,4,0.8
Dishwasher_2014-09-17_02,Dishwasher,Appliance6,Shiftable,2014-09-17 17:42:00,2014-09-17 18:45:00,63.0,78513.4,True,"{""0"": 0, ""1"": 0, ""2"": 0, ""3"": 0, ""4"": 63, ""5"": 0}",4,4,4,0.8
Dishwasher_2014-09-18_01,Dishwasher,Appliance6,Shiftable,2014-09-18 20:34:00,2014-09-18 20:43:00,9.0,742.28,True,"{""0"": 0, ""1"": 0, ""2"": 9, ""3"": 0, ""4"": 0, ""5"": 0}",2,2,2,0.4
Dishwasher_2014-09-20_01,Dishwasher,Appliance6,Shiftable,2014-09-20 19:02:00,2014-09-20 20:09:00,67.0,79042.16,True,"{""0"": 0, ""1"": 0, ""2"": 9, ""3"": 0, ""4"": 58, ""5"": 0}",4,4,2,0.8
Dishwasher_2014-09-22_03,Dishwasher,Appliance6,Shiftable,2014-09-22 18:03:00,2014-09-22 18:09:00,6.0,673.7,True,"{""0"": 0, ""1"": 0, ""2"": 0, ""3"": 0, ""4"": 6, ""5"": 0}",4,4,4,0.8
Dishwasher_2014-09-22_04,Dishwasher,Appliance6,Shiftable,2014-09-22 18:10:00,2014-09-22 18:15:00,5.0,646.05,True,"{""0"": 0, ""1"": 0, ""2"": 0, ""3"": 0, ""4"": 5, ""5"": 0}",4,4,4,0.8
Dishwasher_2014-09-22_05,Dishwasher,Appliance6,Shiftable,2014-09-22 18:16:00,2014-09-22 18:22:00,6.0,4973.14,True,"{""0"": 0, ""1"": 0, ""2"": 0, ""3"": 0, ""4"": 6, ""5"": 0}",4,4,4,0.8
Dishwasher_2014-09-22_06,Dishwasher,Appliance6,Shiftable,2014-09-22 18:32:00,2014-09-22 19:25:00,53.0,70422.87,True,"{""0"": 0, ""1"": 0, ""2"": 0, ""3"": 0, ""4"": 53, ""5"": 0}",4,4,4,0.8
Dishwasher_2014-09-24_01,Dishwasher,Appliance6,Shiftable,2014-09-24 17:58:00,2014-09-24 18:15:00,17.0,2479.34,True,"{""0"": 0, ""1"": 0, ""2"": 0, ""3"": 0, ""4"": 17, ""5"": 0}",4,4,4,0.8
Dishwasher_2014-09-24_03,Dishwasher,Appliance6,Shiftable,2014-09-24 20:00:00,2014-09-24 20:24:00,24.0,41315.06,True,"{""0"": 0, ""1"": 0, ""2"": 24, ""3"": 0, ""4"": 0, ""5"": 0}",2,2,2,0.4
Dishwasher_2014-09-24_04,Dishwasher,Appliance6,Shiftable,2014-09-24 20:25:00,2014-09-24 20:54:00,29.0,34763.18,True,"{""0"": 0, ""1"": 0, ""2"": 29, ""3"": 0, ""4"": 0, ""5"": 0}",2,2,2,0.4
Dishwasher_2014-09-26_01,Dishwasher,Appliance6,Shiftable,2014-09-26 08:11:00,2014-09-26 08:21:00,10.0,767.26,True,"{""0"": 0, ""1"": 0, ""2"": 0, ""3"": 10, ""4"": 0, ""5"": 0}",3,3,3,0.6
Dishwasher_2014-09-27_02,Dishwasher,Appliance6,Shiftable,2014-09-27 18:28:00,2014-09-27 19:10:00,42.0,45235.53,True,"{""0"": 0, ""1"": 0, ""2"": 0, ""3"": 0, ""4"": 42, ""5"": 0}",4,4,4,0.8
Dishwasher_2014-09-27_03,Dishwasher,Appliance6,Shiftable,2014-09-27 19:24:00,2014-09-27 19:36:00,12.0,19284.09,True,"{""0"": 0, ""1"": 0, ""2"": 0, ""3"": 0, ""4"": 12, ""5"": 0}",4,4,4,0.8
Dishwasher_2014-09-28_01,Dishwasher,Appliance6,Shiftable,2014-09-28 19:17:00,2014-09-28 19:58:00,41.0,40910.09,True,"{""0"": 0, ""1"": 0, ""2"": 0, ""3"": 0, ""4"": 41, ""5"": 0}",4,4,4,0.8
Dishwasher_2014-09-28_02,Dishwasher,Appliance6,Shiftable,2014-09-28 19:59:00,2014-09-28 20:24:00,25.0,34118.35,True,"{""0"": 0, ""1"": 0, ""2"": 24, ""3"": 0, ""4"": 1, ""5"": 0}",2,4,2,0.4
Dishwasher_2014-09-30_01,Dishwasher,Appliance6,Shiftable,2014-09-30 17:26:00,2014-09-30 17:32:00,6.0,88.92,True,"{""0"": 0, ""1"": 0, ""2"": 0, ""3"": 0, ""4"": 6, ""5"": 0}",4,4,4,0.8
Dishwasher_2014-09-30_02,Dishwasher,Appliance6,Shiftable,2014-09-30 17:35:00,2014-09-30 17:50:00,15.0,798.89,True,"{""0"": 0, ""1"": 0, ""2"": 0, ""3"": 0, ""4"": 15, ""5"": 0}",4,4,4,0.8
Dishwasher_2014-09-30_03,Dishwasher,Appliance6,Shiftable,2014-09-30 17:51:00,2014-09-30 19:00:00,69.0,78487.02,True,"{""0"": 0, ""1"": 0, ""2"": 0, ""3"": 0, ""4"": 69, ""5"": 0}",4,4,4,0.8
Dishwasher_2014-10-02_01,Dishwasher,Appliance6,Shiftable,2014-10-02 19:07:00,2014-10-02 19:13:00,6.0,64.34,True,"{""0"": 0, ""1"": 0, ""2"": 0, ""3"": 0, ""4"": 6, ""5"": 0}",4,4,4,0.8
Dishwasher_2014-10-03_02,Dishwasher,Appliance6,Shiftable,2014-10-03 19:42:00,2014-10-03 20:50:00,68.0,80148.96,True,"{""0"": 0, ""1"": 0, ""2"": 50, ""3"": 0, ""4"": 18, ""5"": 0}",2,4,2,0.4
Dishwasher_2014-10-05_01,Dishwasher,Appliance6,Shiftable,2014-10-05 19:57:00,2014-10-05 21:07:00,70.0,82308.95,True,"{""0"": 0, ""1"": 0, ""2"": 67, ""3"": 0, ""4"": 3, ""5"": 0}",2,4,2,0.4
Dishwasher_2014-10-08_02,Dishwasher,Appliance6,Shiftable,2014-10-08 09:29:00,2014-10-08 10:39:00,70.0,82926.23,True,"{""0"": 0, ""1"": 0, ""2"": 0, ""3"": 70, ""4"": 0, ""5"": 0}",3,3,3,0.6
Dishwasher_2014-10-16_01,Dishwasher,Appliance6,Shiftable,2014-10-16 19:06:00,2014-10-16 20:19:00,73.0,85726.54,True,"{""0"": 0, ""1"": 0, ""2"": 19, ""3"": 0, ""4"": 54, ""5"": 0}",4,4,2,0.8
Dishwasher_2014-10-19_01,Dishwasher,Appliance6,Shiftable,2014-10-19 20:09:00,2014-10-19 21:19:00,70.0,82420.36,True,"{""0"": 0, ""1"": 0, ""2"": 70, ""3"": 0, ""4"": 0, ""5"": 0}",2,2,2,0.4
Dishwasher_2014-10-21_01,Dishwasher,Appliance6,Shiftable,2014-10-21 18:51:00,2014-10-21 19:03:00,12.0,1219.15,True,"{""0"": 0, ""1"": 0, ""2"": 0, ""3"": 0, ""4"": 12, ""5"": 0}",4,4,4,0.8
Dishwasher_2014-10-21_03,Dishwasher,Appliance6,Shiftable,2014-10-21 20:45:00,2014-10-21 20:57:00,12.0,760.77,True,"{""0"": 0, ""1"": 0, ""2"": 12, ""3"": 0, ""4"": 0, ""5"": 0}",2,2,2,0.4
Dishwasher_2014-10-21_04,Dishwasher,Appliance6,Shiftable,2014-10-21 20:58:00,2014-10-21 21:54:00,56.0,78531.45,True,"{""0"": 0, ""1"": 0, ""2"": 56, ""3"": 0, ""4"": 0, ""5"": 0}",2,2,2,0.4
Dishwasher_2014-10-22_01,Dishwasher,Appliance6,Shiftable,2014-10-22 19:07:00,2014-10-22 20:20:00,73.0,83532.54,True,"{""0"": 0, ""1"": 0, ""2"": 20, ""3"": 0, ""4"": 53, ""5"": 0}",4,4,2,0.8
Dishwasher_2014-10-24_01,Dishwasher,Appliance6,Shiftable,2014-10-24 13:30:00,2014-10-24 14:09:00,39.0,46795.54,True,"{""0"": 0, ""1"": 0, ""2"": 0, ""3"": 0, ""4"": 0, ""5"": 39}",5,5,5,1.0
Dishwasher_2014-10-24_02,Dishwasher,Appliance6,Shiftable,2014-10-24 14:10:00,2014-10-24 14:40:00,30.0,37707.57,True,"{""0"": 0, ""1"": 0, ""2"": 0, ""3"": 0, ""4"": 0, ""5"": 30}",5,5,5,1.0
Dishwasher_2014-10-25_01,Dishwasher,Appliance6,Shiftable,2014-10-25 23:29:00,2014-10-26 00:38:00,69.0,84751.87,True,"{""0"": 0, ""1"": 0, ""2"": 31, ""3"": 0, ""4"": 0, ""5"": 0}",2,2,0,0.4
Dishwasher_2014-10-29_01,Dishwasher,Appliance6,Shiftable,2014-10-29 19:05:00,2014-10-29 20:17:00,72.0,81449.06,True,"{""0"": 0, ""1"": 0, ""2"": 17, ""3"": 0, ""4"": 55, ""5"": 0}",4,4,2,0.8
Dishwasher_2014-11-07_01,Dishwasher,Appliance6,Shiftable,2014-11-07 19:09:00,2014-11-07 19:26:00,17.0,1143.54,True,"{""0"": 0, ""1"": 0, ""2"": 0, ""3"": 0, ""4"": 17, ""5"": 0}",4,4,4,0.8
Dishwasher_2014-11-07_03,Dishwasher,Appliance6,Shiftable,2014-11-07 20:31:00,2014-11-07 21:31:00,60.0,85142.62,True,"{""0"": 0, ""1"": 0, ""2"": 60, ""3"": 0, ""4"": 0, ""5"": 0}",2,2,2,0.4
Dishwasher_2014-11-09_01,Dishwasher,Appliance6,Shiftable,2014-11-09 13:22:00,2014-11-09 13:28:00,6.0,74.78,True,"{""0"": 0, ""1"": 0, ""2"": 0, ""3"": 0, ""4"": 0, ""5"": 6}",5,5,5,1.0
Dishwasher_2014-11-09_02,Dishwasher,Appliance6,Shiftable,2014-11-09 13:30:00,2014-11-09 13:44:00,14.0,789.4,True,"{""0"": 0, ""1"": 0, ""2"": 0, ""3"": 0, ""4"": 0, ""5"": 14}",5,5,5,1.0
Dishwasher_2014-11-09_03,Dishwasher,Appliance6,Shiftable,2014-11-09 13:45:00,2014-11-09 14:44:00,59.0,85482.4,True,"{""0"": 0, ""1"": 0, ""2"": 0, ""3"": 0, ""4"": 0, ""5"": 59}",5,5,5,1.0
Dishwasher_2014-11-11_02,Dishwasher,Appliance6,Shiftable,2014-11-11 19:11:00,2014-11-11 19:21:00,10.0,685.33,True,"{""0"": 0, ""1"": 0, ""2"": 0, ""3"": 0, ""4"": 10, ""5"": 0}",4,4,4,0.8
Dishwasher_2014-11-11_04,Dishwasher,Appliance6,Shiftable,2014-11-11 19:42:00,2014-11-11 20:42:00,60.0,83432.34,True,"{""0"": 0, ""1"": 0, ""2"": 42, ""3"": 0, ""4"": 18, ""5"": 0}",2,4,2,0.4
Dishwasher_2014-11-13_02,Dishwasher,Appliance6,Shiftable,2014-11-13 19:02:00,2014-11-13 19:14:00,12.0,1896.19,True,"{""0"": 0, ""1"": 0, ""2"": 0, ""3"": 0, ""4"": 12, ""5"": 0}",4,4,4,0.8
Dishwasher_2014-11-13_04,Dishwasher,Appliance6,Shiftable,2014-11-13 20:25:00,2014-11-13 21:24:00,59.0,81982.32,True,"{""0"": 0, ""1"": 0, ""2"": 59, ""3"": 0, ""4"": 0, ""5"": 0}",2,2,2,0.4
Dishwasher_2014-11-16_02,Dishwasher,Appliance6,Shiftable,2014-11-16 20:13:00,2014-11-16 20:26:00,13.0,819.52,True,"{""0"": 0, ""1"": 0, ""2"": 13, ""3"": 0, ""4"": 0, ""5"": 0}",2,2,2,0.4
Dishwasher_2014-11-16_04,Dishwasher,Appliance6,Shiftable,2014-11-16 20:35:00,2014-11-16 21:54:00,79.0,89078.12,True,"{""0"": 0, ""1"": 0, ""2"": 79, ""3"": 0, ""4"": 0, ""5"": 0}",2,2,2,0.4
Dishwasher_2014-11-18_01,Dishwasher,Appliance6,Shiftable,2014-11-18 19:17:00,2014-11-18 19:22:00,5.0,99.97,True,"{""0"": 0, ""1"": 0, ""2"": 0, ""3"": 0, ""4"": 5, ""5"": 0}",4,4,4,0.8
Dishwasher_2014-11-18_02,Dishwasher,Appliance6,Shiftable,2014-11-18 19:23:00,2014-11-18 20:01:00,38.0,47302.99,True,"{""0"": 0, ""1"": 0, ""2"": 1, ""3"": 0, ""4"": 37, ""5"": 0}",4,4,2,0.8
Dishwasher_2014-11-18_03,Dishwasher,Appliance6,Shiftable,2014-11-18 20:02:00,2014-11-18 20:34:00,32.0,38757.65,True,"{""0"": 0, ""1"": 0, ""2"": 32, ""3"": 0, ""4"": 0, ""5"": 0}",2,2,2,0.4
Dishwasher_2014-11-20_01,Dishwasher,Appliance6,Shiftable,2014-11-20 18:59:00,2014-11-20 19:10:00,11.0,714.25,True,"{""0"": 0, ""1"": 0, ""2"": 0, ""3"": 0, ""4"": 11, ""5"": 0}",4,4,4,0.8
Dishwasher_2014-11-21_02,Dishwasher,Appliance6,Shiftable,2014-11-21 19:12:00,2014-11-21 20:26:00,74.0,87387.25,True,"{""0"": 0, ""1"": 0, ""2"": 26, ""3"": 0, ""4"": 48, ""5"": 0}",4,4,2,0.8
Dishwasher_2014-11-24_01,Dishwasher,Appliance6,Shiftable,2014-11-24 19:00:00,2014-11-24 19:14:00,14.0,786.29,True,"{""0"": 0, ""1"": 0, ""2"": 0, ""3"": 0, ""4"": 14, ""5"": 0}",4,4,4,0.8
Dishwasher_2014-11-24_02,Dishwasher,Appliance6,Shiftable,2014-11-24 22:01:00,2014-11-24 23:01:00,60.0,83741.84,True,"{""0"": 0, ""1"": 0, ""2"": 60, ""3"": 0, ""4"": 0, ""5"": 0}",2,2,2,0.4
Dishwasher_2014-11-27_01,Dishwasher,Appliance6,Shiftable,2014-11-27 18:51:00,2014-11-27 20:07:00,76.0,89607.0,True,"{""0"": 0, ""1"": 0, ""2"": 7, ""3"": 0, ""4"": 69, ""5"": 0}",4,4,2,0.8
Dishwasher_2014-11-30_01,Dishwasher,Appliance6,Shiftable,2014-11-30 13:22:00,2014-11-30 14:36:00,74.0,86386.6,True,"{""0"": 0, ""1"": 0, ""2"": 0, ""3"": 0, ""4"": 0, ""5"": 74}",5,5,5,1.0
Dishwasher_2014-12-02_01,Dishwasher,Appliance6,Shiftable,2014-12-02 18:46:00,2014-12-02 20:02:00,76.0,88745.55,True,"{""0"": 0, ""1"": 0, ""2"": 2, ""3"": 0, ""4"": 74, ""5"": 0}",4,4,2,0.8
Dishwasher_2014-12-04_01,Dishwasher,Appliance6,Shiftable,2014-12-04 19:03:00,2014-12-04 19:49:00,46.0,49786.95,True,"{""0"": 0, ""1"": 0, ""2"": 0, ""3"": 0, ""4"": 46, ""5"": 0}",4,4,4,0.8
Dishwasher_2014-12-04_02,Dishwasher,Appliance6,Shiftable,2014-12-04 19:50:00,2014-12-04 20:19:00,29.0,40835.88,True,"{""0"": 0, ""1"": 0, ""2"": 19, ""3"": 0, ""4"": 10, ""5"": 0}",2,4,2,0.4
Dishwasher_2014-12-05_01,Dishwasher,Appliance6,Shiftable,2014-12-05 20:01:00,2014-12-05 21:19:00,78.0,93148.38,True,"{""0"": 0, ""1"": 0, ""2"": 78, ""3"": 0, ""4"": 0, ""5"": 0}",2,2,2,0.4
Dishwasher_2014-12-07_01,Dishwasher,Appliance6,Shiftable,2014-12-07 09:35:00,2014-12-07 10:52:00,77.0,88510.62,True,"{""0"": 0, ""1"": 0, ""2"": 0, ""3"": 77, ""4"": 0, ""5"": 0}",3,3,3,0.6
Dishwasher_2014-12-07_02,Dishwasher,Appliance6,Shiftable,2014-12-07 11:01:00,2014-12-07 11:06:00,5.0,2894.03,True,"{""0"": 0, ""1"": 0, ""2"": 0, ""3"": 5, ""4"": 0, ""5"": 0}",3,3,3,0.6
Dishwasher_2014-12-08_01,Dishwasher,Appliance6,Shiftable,2014-12-08 18:49:00,2014-12-08 20:06:00,77.0,90395.25,True,"{""0"": 0, ""1"": 0, ""2"": 6, ""3"": 0, ""4"": 71, ""5"": 0}",4,4,2,0.8
Dishwasher_2014-12-11_01,Dishwasher,Appliance6,Shiftable,2014-12-11 18:55:00,2014-12-11 19:06:00,11.0,736.12,True,"{""0"": 0, ""1"": 0, ""2"": 0, ""3"": 0, ""4"": 11, ""5"": 0}",4,4,4,0.8
Dishwasher_2014-12-11_03,Dishwasher,Appliance6,Shiftable,2014-12-11 19:29:00,2014-12-11 20:54:00,85.0,93211.49,True,"{""0"": 0, ""1"": 0, ""2"": 54, ""3"": 0, ""4"": 31, ""5"": 0}",2,4,2,0.4
Dishwasher_2014-12-14_01,Dishwasher,Appliance6,Shiftable,2014-12-14 19:27:00,2014-12-14 20:08:00,41.0,51517.51,True,"{""0"": 0, ""1"": 0, ""2"": 8, ""3"": 0, ""4"": 33, ""5"": 0}",4,4,2,0.8
Dishwasher_2014-12-14_02,Dishwasher,Appliance6,Shiftable,2014-12-14 20:09:00,2014-12-14 20:43:00,34.0,42052.13,True,"{""0"": 0, ""1"": 0, ""2"": 34, ""3"": 0, ""4"": 0, ""5"": 0}",2,2,2,0.4
Dishwasher_2014-12-17_01,Dishwasher,Appliance6,Shiftable,2014-12-17 09:02:00,2014-12-17 10:26:00,84.0,96787.16,True,"{""0"": 0, ""1"": 0, ""2"": 0, ""3"": 84, ""4"": 0, ""5"": 0}",3,3,3,0.6
Dishwasher_2014-12-19_01,Dishwasher,Appliance6,Shiftable,2014-12-19 12:58:00,2014-12-19 14:16:00,78.0,93995.62,True,"{""0"": 0, ""1"": 0, ""2"": 0, ""3"": 0, ""4"": 0, ""5"": 78}",5,5,5,1.0
Dishwasher_2014-12-21_01,Dishwasher,Appliance6,Shiftable,2014-12-21 22:11:00,2014-12-21 23:27:00,76.0,87771.06,True,"{""0"": 0, ""1"": 0, ""2"": 76, ""3"": 0, ""4"": 0, ""5"": 0}",2,2,2,0.4
Dishwasher_2014-12-23_01,Dishwasher,Appliance6,Shiftable,2014-12-23 13:31:00,2014-12-23 14:47:00,76.0,90761.93,True,"{""0"": 0, ""1"": 0, ""2"": 0, ""3"": 0, ""4"": 0, ""5"": 76}",5,5,5,1.0
Dishwasher_2014-12-30_01,Dishwasher,Appliance6,Shiftable,2014-12-30 19:28:00,2014-12-30 20:48:00,80.0,93629.34,True,"{""0"": 0, ""1"": 0, ""2"": 48, ""3"": 0, ""4"": 32, ""5"": 0}",2,4,2,0.4
Dishwasher_2015-01-01_01,Dishwasher,Appliance6,Shiftable,2015-01-01 19:04:00,2015-01-01 20:23:00,79.0,91071.68,True,"{""0"": 0, ""1"": 0, ""2"": 23, ""3"": 0, ""4"": 56, ""5"": 0}",4,4,2,0.8
Dishwasher_2015-01-04_01,Dishwasher,Appliance6,Shiftable,2015-01-04 09:27:00,2015-01-04 10:57:00,90.0,95581.87,True,"{""0"": 0, ""1"": 0, ""2"": 0, ""3"": 90, ""4"": 0, ""5"": 0}",3,3,3,0.6
Dishwasher_2015-01-06_02,Dishwasher,Appliance6,Shiftable,2015-01-06 19:08:00,2015-01-06 20:28:00,80.0,94075.97,True,"{""0"": 0, ""1"": 0, ""2"": 28, ""3"": 0, ""4"": 52, ""5"": 0}",4,4,2,0.8
Dishwasher_2015-01-09_01,Dishwasher,Appliance6,Shiftable,2015-01-09 19:22:00,2015-01-09 20:41:00,79.0,92279.04,True,"{""0"": 0, ""1"": 0, ""2"": 41, ""3"": 0, ""4"": 38, ""5"": 0}",2,4,2,0.4
Dishwasher_2015-01-10_01,Dishwasher,Appliance6,Shiftable,2015-01-10 22:42:00,2015-01-11 00:05:00,83.0,104717.7,True,"{""0"": 0, ""1"": 0, ""2"": 78, ""3"": 0, ""4"": 0, ""5"": 0}",2,2,0,0.4
Dishwasher_2015-01-12_01,Dishwasher,Appliance6,Shiftable,2015-01-12 18:54:00,2015-01-12 20:13:00,79.0,92081.5,True,"{""0"": 0, ""1"": 0, ""2"": 13, ""3"": 0, ""4"": 66, ""5"": 0}",4,4,2,0.8
Dishwasher_2015-01-15_01,Dishwasher,Appliance6,Shiftable,2015-01-15 18:57:00,2015-01-15 20:19:00,82.0,94436.4,True,"{""0"": 0, ""1"": 0, ""2"": 19, ""3"": 0, ""4"": 63, ""5"": 0}",4,4,2,0.8
Dishwasher_2015-01-17_01,Dishwasher,Appliance6,Shiftable,2015-01-17 23:22:00,2015-01-18 00:41:00,79.0,94448.31,True,"{""0"": 0, ""1"": 0, ""2"": 38, ""3"": 0, ""4"": 0, ""5"": 0}",2,2,0,0.4
Dishwasher_2015-01-18_02,Dishwasher,Appliance6,Shiftable,2015-01-18 15:56:00,2015-01-18 17:16:00,80.0,94397.68,True,"{""0"": 0, ""1"": 0, ""2"": 0, ""3"": 0, ""4"": 76, ""5"": 4}",4,5,4,0.8
Dishwasher_2015-01-21_01,Dishwasher,Appliance6,Shiftable,2015-01-21 18:56:00,2015-01-21 20:14:00,78.0,96779.57,True,"{""0"": 0, ""1"": 0, ""2"": 14, ""3"": 0, ""4"": 64, ""5"": 0}",4,4,2,0.8
Dishwasher_2015-01-24_02,Dishwasher,Appliance6,Shiftable,2015-01-24 20:10:00,2015-01-24 20:49:00,39.0,52091.7,True,"{""0"": 0, ""1"": 0, ""2"": 39, ""3"": 0, ""4"": 0, ""5"": 0}",2,2,2,0.4
Dishwasher_2015-01-24_03,Dishwasher,Appliance6,Shiftable,2015-01-24 20:50:00,2015-01-24 21:24:00,34.0,42844.44,True,"{""0"": 0, ""1"": 0, ""2"": 34, ""3"": 0, ""4"": 0, ""5"": 0}",2,2,2,0.4
Dishwasher_2015-02-15_01,Dishwasher,Appliance6,Shiftable,2015-02-15 13:25:00,2015-02-15 14:21:00,56.0,54126.33,True,"{""0"": 0, ""1"": 0, ""2"": 0, ""3"": 0, ""4"": 0, ""5"": 56}",5,5,5,1.0
Dishwasher_2015-02-15_02,Dishwasher,Appliance6,Shiftable,2015-02-15 14:22:00,2015-02-15 15:06:00,44.0,62920.66,True,"{""0"": 0, ""1"": 0, ""2"": 0, ""3"": 0, ""4"": 0, ""5"": 44}",5,5,5,1.0
Dishwasher_2015-02-16_01,Dishwasher,Appliance6,Shiftable,2015-02-16 19:06:00,2015-02-16 20:07:00,61.0,60157.48,True,"{""0"": 0, ""1"": 0, ""2"": 7, ""3"": 0, ""4"": 54, ""5"": 0}",4,4,2,0.8
Dishwasher_2015-02-16_02,Dishwasher,Appliance6,Shiftable,2015-02-16 20:08:00,2015-02-16 20:45:00,37.0,43038.09,True,"{""0"": 0, ""1"": 0, ""2"": 37, ""3"": 0, ""4"": 0, ""5"": 0}",2,2,2,0.4
Dishwasher_2015-02-17_01,Dishwasher,Appliance6,Shiftable,2015-02-17 19:28:00,2015-02-17 20:53:00,85.0,98677.08,True,"{""0"": 0, ""1"": 0, ""2"": 53, ""3"": 0, ""4"": 32, ""5"": 0}",2,4,2,0.4
Dishwasher_2015-02-19_01,Dishwasher,Appliance6,Shiftable,2015-02-19 18:59:00,2015-02-19 19:16:00,17.0,627.63,True,"{""0"": 0, ""1"": 0, ""2"": 0, ""3"": 0, ""4"": 17, ""5"": 0}",4,4,4,0.8
Dishwasher_2015-02-19_02,Dishwasher,Appliance6,Shiftable,2015-02-19 19:17:00,2015-02-19 20:26:00,69.0,100787.62,True,"{""0"": 0, ""1"": 0, ""2"": 26, ""3"": 0, ""4"": 43, ""5"": 0}",4,4,2,0.8
Dishwasher_2015-02-21_01,Dishwasher,Appliance6,Shiftable,2015-02-21 10:20:00,2015-02-21 11:13:00,53.0,28231.36,True,"{""0"": 0, ""1"": 0, ""2"": 0, ""3"": 53, ""4"": 0, ""5"": 0}",3,3,3,0.6
Dishwasher_2015-02-21_02,Dishwasher,Appliance6,Shiftable,2015-02-21 11:14:00,2015-02-21 11:35:00,21.0,645.41,True,"{""0"": 0, ""1"": 0, ""2"": 0, ""3"": 21, ""4"": 0, ""5"": 0}",3,3,3,0.6
Dishwasher_2015-02-21_03,Dishwasher,Appliance6,Shiftable,2015-02-21 11:36:00,2015-02-21 12:01:00,25.0,54054.91,True,"{""0"": 0, ""1"": 0, ""2"": 0, ""3"": 24, ""4"": 0, ""5"": 1}",3,3,5,0.6
Dishwasher_2015-02-23_01,Dishwasher,Appliance6,Shiftable,2015-02-23 18:59:00,2015-02-23 19:41:00,42.0,52122.59,True,"{""0"": 0, ""1"": 0, ""2"": 0, ""3"": 0, ""4"": 42, ""5"": 0}",4,4,4,0.8
Dishwasher_2015-02-23_02,Dishwasher,Appliance6,Shiftable,2015-02-23 19:42:00,2015-02-23 20:20:00,38.0,44046.32,True,"{""0"": 0, ""1"": 0, ""2"": 20, ""3"": 0, ""4"": 18, ""5"": 0}",2,4,2,0.4
Dishwasher_2015-02-26_01,Dishwasher,Appliance6,Shiftable,2015-02-26 19:43:00,2015-02-26 21:07:00,84.0,96528.48,True,"{""0"": 0, ""1"": 0, ""2"": 67, ""3"": 0, ""4"": 17, ""5"": 0}",2,4,2,0.4
Dishwasher_2015-03-01_01,Dishwasher,Appliance6,Shiftable,2015-03-01 13:44:00,2015-03-01 15:13:00,89.0,99919.78,True,"{""0"": 0, ""1"": 0, ""2"": 0, ""3"": 0, ""4"": 0, ""5"": 89}",5,5,5,1.0
Dishwasher_2015-03-02_01,Dishwasher,Appliance6,Shiftable,2015-03-02 19:12:00,2015-03-02 20:34:00,82.0,94242.45,True,"{""0"": 0, ""1"": 0, ""2"": 34, ""3"": 0, ""4"": 48, ""5"": 0}",4,4,2,0.8
Dishwasher_2015-03-04_01,Dishwasher,Appliance6,Shiftable,2015-03-04 19:07:00,2015-03-04 20:32:00,85.0,94602.45,True,"{""0"": 0, ""1"": 0, ""2"": 32, ""3"": 0, ""4"": 53, ""5"": 0}",4,4,2,0.8
Dishwasher_2015-03-06_01,Dishwasher,Appliance6,Shiftable,2015-03-06 18:57:00,2015-03-06 20:18:00,81.0,94585.72,True,"{""0"": 0, ""1"": 0, ""2"": 18, ""3"": 0, ""4"": 63, ""5"": 0}",4,4,2,0.8
Dishwasher_2015-03-07_01,Dishwasher,Appliance6,Shiftable,2015-03-07 23:49:00,2015-03-08 01:10:00,81.0,95802.52,True,"{""0"": 0, ""1"": 0, ""2"": 11, ""3"": 0, ""4"": 0, ""5"": 0}",2,2,0,0.4
Dishwasher_2015-03-09_02,Dishwasher,Appliance6,Shiftable,2015-03-09 18:52:00,2015-03-09 19:53:00,61.0,53994.26,True,"{""0"": 0, ""1"": 0, ""2"": 0, ""3"": 0, ""4"": 61, ""5"": 0}",4,4,4,0.8
Dishwasher_2015-03-09_03,Dishwasher,Appliance6,Shiftable,2015-03-09 19:54:00,2015-03-09 20:14:00,20.0,40472.86,True,"{""0"": 0, ""1"": 0, ""2"": 14, ""3"": 0, ""4"": 6, ""5"": 0}",2,4,2,0.4
Dishwasher_2015-03-12_01,Dishwasher,Appliance6,Shiftable,2015-03-12 19:05:00,2015-03-12 20:05:00,60.0,52703.87,True,"{""0"": 0, ""1"": 0, ""2"": 5, ""3"": 0, ""4"": 55, ""5"": 0}",4,4,2,0.8
Dishwasher_2015-03-12_02,Dishwasher,Appliance6,Shiftable,2015-03-12 20:06:00,2015-03-12 20:28:00,22.0,42602.06,True,"{""0"": 0, ""1"": 0, ""2"": 22, ""3"": 0, ""4"": 0, ""5"": 0}",2,2,2,0.4
Dishwasher_2015-03-15_01,Dishwasher,Appliance6,Shiftable,2015-03-15 13:13:00,2015-03-15 14:40:00,87.0,96709.48,True,"{""0"": 0, ""1"": 0, ""2"": 0, ""3"": 0, ""4"": 0, ""5"": 87}",5,5,5,1.0
Dishwasher_2015-03-16_01,Dishwasher,Appliance6,Shiftable,2015-03-16 09:16:00,2015-03-16 09:36:00,20.0,800.55,True,"{""0"": 0, ""1"": 0, ""2"": 0, ""3"": 20, ""4"": 0, ""5"": 0}",3,3,3,0.6
Dishwasher_2015-03-16_02,Dishwasher,Appliance6,Shiftable,2015-03-16 18:49:00,2015-03-16 20:12:00,83.0,96201.19,True,"{""0"": 0, ""1"": 0, ""2"": 12, ""3"": 0, ""4"": 71, ""5"": 0}",4,4,2,0.8
Dishwasher_2015-03-19_01,Dishwasher,Appliance6,Shiftable,2015-03-19 18:50:00,2015-03-19 20:13:00,83.0,97432.32,True,"{""0"": 0, ""1"": 0, ""2"": 13, ""3"": 0, ""4"": 70, ""5"": 0}",4,4,2,0.8
Dishwasher_2015-03-26_01,Dishwasher,Appliance6,Shiftable,2015-03-26 18:56:00,2015-03-26 20:21:00,85.0,97895.78,True,"{""0"": 0, ""1"": 0, ""2"": 21, ""3"": 0, ""4"": 64, ""5"": 0}",4,4,2,0.8
Dishwasher_2015-03-28_01,Dishwasher,Appliance6,Shiftable,2015-03-28 20:07:00,2015-03-28 21:28:00,81.0,94439.23,True,"{""0"": 0, ""1"": 0, ""2"": 81, ""3"": 0, ""4"": 0, ""5"": 0}",2,2,2,0.4
Dishwasher_2015-03-30_01,Dishwasher,Appliance6,Shiftable,2015-03-30 13:46:00,2015-03-30 14:40:00,54.0,35964.76,True,"{""0"": 0, ""1"": 0, ""2"": 0, ""3"": 0, ""4"": 0, ""5"": 54}",5,5,5,1.0
Dishwasher_2015-03-30_02,Dishwasher,Appliance6,Shiftable,2015-03-30 14:44:00,2015-03-30 15:11:00,27.0,42935.08,True,"{""0"": 0, ""1"": 0, ""2"": 0, ""3"": 0, ""4"": 0, ""5"": 27}",5,5,5,1.0
Dishwasher_2015-04-01_01,Dishwasher,Appliance6,Shiftable,2015-04-01 16:26:00,2015-04-01 16:43:00,17.0,28514.83,True,"{""0"": 0, ""1"": 0, ""2"": 0, ""3"": 0, ""4"": 17, ""5"": 0}",4,4,4,0.8
Dishwasher_2015-04-02_01,Dishwasher,Appliance6,Shiftable,2015-04-02 18:53:00,2015-04-02 20:14:00,81.0,91993.12,True,"{""0"": 0, ""1"": 0, ""2"": 14, ""3"": 0, ""4"": 67, ""5"": 0}",4,4,2,0.8
Dishwasher_2015-04-07_01,Dishwasher,Appliance6,Shiftable,2015-04-07 10:44:00,2015-04-07 12:09:00,85.0,93964.77,True,"{""0"": 0, ""1"": 0, ""2"": 0, ""3"": 76, ""4"": 0, ""5"": 9}",3,3,5,0.6
Dishwasher_2015-04-08_01,Dishwasher,Appliance6,Shiftable,2015-04-08 18:51:00,2015-04-08 19:40:00,49.0,51988.58,True,"{""0"": 0, ""1"": 0, ""2"": 0, ""3"": 0, ""4"": 49, ""5"": 0}",4,4,4,0.8
Dishwasher_2015-04-08_02,Dishwasher,Appliance6,Shiftable,2015-04-08 19:41:00,2015-04-08 19:47:00,6.0,528.47,True,"{""0"": 0, ""1"": 0, ""2"": 0, ""3"": 0, ""4"": 6, ""5"": 0}",4,4,4,0.8
Dishwasher_2015-04-08_03,Dishwasher,Appliance6,Shiftable,2015-04-08 19:48:00,2015-04-08 20:10:00,22.0,41411.11,True,"{""0"": 0, ""1"": 0, ""2"": 10, ""3"": 0, ""4"": 12, ""5"": 0}",4,4,2,0.8
Dishwasher_2015-04-09_01,Dishwasher,Appliance6,Shiftable,2015-04-09 16:51:00,2015-04-09 17:00:00,9.0,1057.78,True,"{""0"": 0, ""1"": 0, ""2"": 0, ""3"": 0, ""4"": 9, ""5"": 0}",4,4,4,0.8
Dishwasher_2015-04-10_01,Dishwasher,Appliance6,Shiftable,2015-04-10 13:41:00,2015-04-10 15:00:00,79.0,91222.1,True,"{""0"": 0, ""1"": 0, ""2"": 0, ""3"": 0, ""4"": 0, ""5"": 79}",5,5,5,1.0
Dishwasher_2015-04-11_01,Dishwasher,Appliance6,Shiftable,2015-04-11 13:04:00,2015-04-11 14:24:00,80.0,88750.89,True,"{""0"": 0, ""1"": 0, ""2"": 0, ""3"": 0, ""4"": 0, ""5"": 80}",5,5,5,1.0
Dishwasher_2015-04-13_01,Dishwasher,Appliance6,Shiftable,2015-04-13 18:47:00,2015-04-13 20:07:00,80.0,91001.87,True,"{""0"": 0, ""1"": 0, ""2"": 7, ""3"": 0, ""4"": 73, ""5"": 0}",4,4,2,0.8
Dishwasher_2015-04-16_01,Dishwasher,Appliance6,Shiftable,2015-04-16 19:06:00,2015-04-16 19:21:00,15.0,770.76,True,"{""0"": 0, ""1"": 0, ""2"": 0, ""3"": 0, ""4"": 15, ""5"": 0}",4,4,4,0.8
Dishwasher_2015-04-16_02,Dishwasher,Appliance6,Shiftable,2015-04-16 19:22:00,2015-04-16 20:29:00,67.0,91006.51,True,"{""0"": 0, ""1"": 0, ""2"": 29, ""3"": 0, ""4"": 38, ""5"": 0}",4,4,2,0.8
Dishwasher_2015-04-18_01,Dishwasher,Appliance6,Shiftable,2015-04-18 13:48:00,2015-04-18 14:41:00,53.0,52606.83,True,"{""0"": 0, ""1"": 0, ""2"": 0, ""3"": 0, ""4"": 0, ""5"": 53}",5,5,5,1.0
Dishwasher_2015-04-18_02,Dishwasher,Appliance6,Shiftable,2015-04-18 14:42:00,2015-04-18 15:09:00,27.0,39801.89,True,"{""0"": 0, ""1"": 0, ""2"": 0, ""3"": 0, ""4"": 0, ""5"": 27}",5,5,5,1.0
Dishwasher_2015-04-20_01,Dishwasher,Appliance6,Shiftable,2015-04-20 09:05:00,2015-04-20 10:35:00,90.0,98736.68,True,"{""0"": 0, ""1"": 0, ""2"": 0, ""3"": 90, ""4"": 0, ""5"": 0}",3,3,3,0.6
Dishwasher_2015-05-02_02,Dishwasher,Appliance6,Shiftable,2015-05-02 19:56:00,2015-05-02 21:02:00,66.0,53944.12,True,"{""0"": 0, ""1"": 0, ""2"": 62, ""3"": 0, ""4"": 4, ""5"": 0}",2,4,2,0.4
Dishwasher_2015-05-02_03,Dishwasher,Appliance6,Shiftable,2015-05-02 21:03:00,2015-05-02 21:23:00,20.0,36970.39,True,"{""0"": 0, ""1"": 0, ""2"": 20, ""3"": 0, ""4"": 0, ""5"": 0}",2,2,2,0.4
Dishwasher_2015-05-04_02,Dishwasher,Appliance6,Shiftable,2015-05-04 19:00:00,2015-05-04 21:46:00,166.0,101912.85,True,"{""0"": 0, ""1"": 0, ""2"": 106, ""3"": 0, ""4"": 60, ""5"": 0}",2,4,2,0.4
Dishwasher_2015-05-06_01,Dishwasher,Appliance6,Shiftable,2015-05-06 18:49:00,2015-05-06 19:36:00,47.0,48231.66,True,"{""0"": 0, ""1"": 0, ""2"": 0, ""3"": 0, ""4"": 47, ""5"": 0}",4,4,4,0.8
Dishwasher_2015-05-06_02,Dishwasher,Appliance6,Shiftable,2015-05-06 19:37:00,2015-05-06 20:10:00,33.0,39584.18,True,"{""0"": 0, ""1"": 0, ""2"": 10, ""3"": 0, ""4"": 23, ""5"": 0}",4,4,2,0.8
Dishwasher_2015-05-06_03,Dishwasher,Appliance6,Shiftable,2015-05-06 20:19:00,2015-05-06 20:31:00,12.0,3556.92,True,"{""0"": 0, ""1"": 0, ""2"": 12, ""3"": 0, ""4"": 0, ""5"": 0}",2,2,2,0.4
Dishwasher_2015-05-09_02,Dishwasher,Appliance6,Shiftable,2015-05-09 13:13:00,2015-05-09 14:33:00,80.0,88792.14,True,"{""0"": 0, ""1"": 0, ""2"": 0, ""3"": 0, ""4"": 0, ""5"": 80}",5,5,5,1.0
Dishwasher_2015-05-21_02,Dishwasher,Appliance6,Shiftable,2015-05-21 19:22:00,2015-05-21 20:41:00,79.0,90716.38,True,"{""0"": 0, ""1"": 0, ""2"": 41, ""3"": 0, ""4"": 38, ""5"": 0}",2,4,2,0.4
